,ìåãû,ìåãû,ìåãû,ìåãû,ìåãû,ëÂç„,ëÂç„,ëÂç„,ëÂç„,ëÂç„,ñºå√âÆ,ñºå√âÆ,ñºå√âÆ,ñºå√âÆ,ñºå√âÆ,éDñy,éDñy,éDñy,éDñy,éDñy,ìﬂîe,ìﬂîe,ìﬂîe,ìﬂîe,ìﬂîe
date,temperature(Åé),sum_precipitation(mm),windspeed(m/s),humidity(Åì),weather(06Å`18),temperature(Åé),sum_precipitation(mm),windspeed(m/s),humidity(Åì),weather(06Å`18),temperature(Åé),sum_precipitation(mm),windspeed(m/s),humidity(Åì),weather(06Å`18),temperature(Åé),sum_precipitation(mm),windspeed(m/s),humidity(Åì),weather(06Å`18),temperature(Åé),sum_precipitation(mm),windspeed(m/s),humidity(Åì),weather(06Å`18)
,,,,,,,,,,,,,,,,,,,,,,,,,
2023/9/3,29.1,3.5,2.8,74,ì‹,30.9,0,2.7,60,ê∞,30.2,0,2.3,68,ê∞,24,0,1.8,70,ê∞,29.4,0,7.6,79,ê∞
2023/9/4,26.1,34,2.6,96,âJ,30.3,0,3.6,64,ì‹,29.6,0,2.3,73,ì‹,24.1,0.5,2.5,77,âJ,28.9,0,4.9,78,ì‹
2023/9/5,29.3,0,3.5,77,ê∞,29.9,0,2.7,69,ê∞,29.2,0,2.9,76,ê∞,25,15.5,2.8,85,ì‹,28.9,0,3.5,79,ì‹
2023/9/6,27.5,0.5,2.6,79,âJ,27.9,2,2.4,71,âJ,25.7,49.5,2,88,âJ,23.8,11.5,3.7,83,âJ,29.2,0,4.1,80,ê∞
2023/9/7,27,0.5,2.5,72,ì‹,26.8,0,3.1,69,ì‹,26.7,2.5,2.5,74,ì‹,21.5,0,5.5,62,ê∞,28.9,2,4.4,79,ì‹
2023/9/8,21.9,107.5,3.4,98,âJ,26.3,1,2.4,73,âJ,25.4,2.5,2.2,86,âJ,21,0,4.1,72,ê∞,28.4,0.5,3.4,77,âJ
2023/9/9,24.8,1,2.2,93,âJ,27.6,0,1.8,63,ê∞,27.5,0,2.5,75,ê∞,23.4,0,3.8,79,ì‹,27.7,0,2.3,74,ê∞
2023/9/10,27.8,0,3.1,83,ì‹,27.1,20.5,1.8,74,âJ,27.1,1.5,1.9,81,âJ,24.9,0,2.4,73,ê∞,27.8,11.5,3.1,80,âJ
2023/9/11,28.1,0,3.1,79,ì‹,25.8,2.5,1.5,82,âJ,24.9,10,2.1,92,âJ,24.2,0,4.9,83,ì‹,28.3,0.5,3.1,80,âJ
2023/9/12,27.7,0,2.8,76,ê∞,26.5,7.5,1.6,78,âJ,25.8,5.5,1.6,86,âJ,24.1,26,3.5,89,âJ,29.1,0,4,78,ê∞
2023/9/13,28,0,2.4,74,ê∞,27.8,0,1.9,70,ê∞,27.3,0,1.9,77,ê∞,24.1,0.5,3.1,79,ì‹,28.9,5,4,85,âJ
2023/9/14,28.2,0,2.8,80,ê∞,28.8,0,2,69,ì‹,28,0,2.1,75,ì‹,20.6,23.5,2,88,âJ,29.4,0,3.3,80,ê∞
2023/9/15,27.4,10.5,2,88,âJ,29.9,0,2.1,68,ê∞,29.8,0,2.3,73,ê∞,21.4,0,3.2,64,ê∞,29.5,0,3.3,80,ê∞
2023/9/16,27.9,0,2,86,ì‹,29.6,0,2.1,69,ê∞,30.1,0,2.2,72,ê∞,21.7,0,2.5,70,ì‹,28.2,7,2.5,89,âJ
2023/9/17,28.7,0,3.2,80,ì‹,29.2,0,2,70,ê∞,28.9,0,3.4,74,ê∞,22.5,10,3.4,77,âJ,27.4,52.5,3.3,90,âJ
2023/9/18,28.9,0,4.2,74,ê∞,29.1,1,2.2,71,ê∞,27.4,9.5,3.1,83,âJ,23.9,35.5,2.3,90,âJ,28.4,0.5,2.9,84,ê∞
2023/9/19,29,0,3.3,72,ê∞,29.3,0,2.7,65,ê∞,28.2,3,2,77,âJ,22.4,3,2.9,81,âJ,29.1,0,3.7,79,ê∞
2023/9/20,27.2,6,1.9,82,âJ,28.9,0,1.8,68,ì‹,26.9,2.5,1.8,80,âJ,19.9,0,3.7,61,ì‹,28.9,0,2.5,82,ê∞
2023/9/21,26.7,2,4.1,87,âJ,28.7,7.5,3.7,72,âJ,26.9,11.5,2.9,85,ì‹,16.5,0,2.1,71,âJ,28.6,12,2.4,86,âJ
2023/9/22,24.8,59.5,2.5,93,âJ,25.9,2,2.1,76,âJ,26.8,0.5,2.2,75,ì‹,18.4,0,1.7,66,ê∞,28.6,7.5,3.1,85,âJ
2023/9/23,22.1,4,2.6,89,âJ,24.7,0,3.6,60,ì‹,25.6,0,4.2,60,ì‹,16.9,4,2,70,âJ,29.2,0,2.8,80,ê∞
2023/9/24,22.2,0,3,67,ì‹,25,0,2.7,52,ê∞,24.8,0,2.7,55,ê∞,16.8,0,1.6,62,ê∞,28.5,8.5,2.4,84,âJ
2023/9/25,22.4,0,2.5,69,ì‹,26.5,0,2.7,57,ê∞,24.9,0,2.3,62,ê∞,17.9,0,3.1,75,ì‹,29,0,3.8,79,ì‹
2023/9/26,24.6,0,2,71,ì‹,26.8,0,2,58,ê∞,26.1,0,2.1,61,ê∞,19.8,1,3.8,80,âJ,29,6,3.8,77,âJ
2023/9/27,25.3,0,1.9,81,ì‹,28.2,0,2.5,65,ê∞,27.4,0,2.1,66,ê∞,20.1,0,1.6,80,ê∞,29.3,0,4.1,78,ê∞
2023/9/28,27.4,0,1.9,79,ì‹,27.9,0,3.1,67,ì‹,27.9,0,2.6,68,ê∞,18.6,3,3.2,87,âJ,28.4,15.5,3.8,88,âJ
2023/9/29,26.3,0,3,75,ì‹,26.8,0,2.6,54,ê∞,26.6,0,3.4,59,ê∞,18.5,0,3,72,ê∞,28.2,10,4.2,90,âJ
2023/9/30,25.6,0,2.5,77,ì‹,26.4,0,2.6,63,ê∞,26.3,0,2.6,70,ê∞,18.3,6,3.4,75,ì‹,28.1,45.5,2.8,90,âJ
2023/10/1,25.6,0,2.8,80,ì‹,23.8,13.5,2.4,77,âJ,23.2,19.5,2.8,80,âJ,19.5,2.5,3.2,70,âJ,28.4,23,4.4,85,âJ
2023/10/2,23.3,0,2.7,57,ê∞,22.5,0,2.8,52,ê∞,21.9,0,4,52,ê∞,16.2,1,2.4,64,âJ,28.5,11.5,5.9,81,ì‹
2023/10/3,22.8,0,2.7,53,ê∞,21.9,4.5,2.2,58,ì‹,21.7,2.5,2.4,57,ì‹,16.2,1,4.1,66,âJ,28.9,13,5.8,88,ì‹
2023/10/4,18.7,15,2.3,94,âJ,22.5,9.5,2.3,77,âJ,19.7,30,2.1,93,âJ,16.5,0,3,70,ì‹,29.4,0.5,5.4,86,âJ
2023/10/5,20,0,2.6,76,ì‹,20.8,0,2.8,62,ì‹,19.1,0,3.6,75,ì‹,15.1,23,3.6,81,âJ,28.6,9,3.6,84,âJ
2023/10/6,20.8,0,4.3,38,ê∞,20,0,2.8,49,ê∞,18.3,0,4.6,56,ê∞,14.6,11,5,74,âJ,27.4,0,4.6,76,ì‹
2023/10/7,20.4,0,3.2,41,ê∞,20.1,0,2.7,47,ì‹,19,0,4.3,50,ê∞,13.8,2,4.1,72,ì‹,28.3,9,4.1,82,âJ
2023/10/8,18.1,0,2.3,61,ì‹,17.8,3.5,2.8,71,âJ,17,11.5,2.1,76,âJ,12.8,0,1.6,69,ê∞,28.4,2,3,86,ê∞
2023/10/9,15.4,40,2.8,99,âJ,18.4,10,2.9,89,âJ,17.5,13.5,2.4,96,âJ,13.8,0,3.8,74,ê∞,28.2,0,3.9,79,ê∞
2023/10/10,20.2,13,2,82,âJ,20.9,0,2.3,67,ì‹,20.3,1.5,4,77,ì‹,15.3,0,3.2,72,ì‹,27.4,0,5.6,72,ì‹
2023/10/11,19.8,0,2.5,59,ê∞,20.1,0,2.4,53,ì‹,20.1,0,3.1,55,ê∞,13,0,2.5,65,ê∞,26.7,0.5,5,67,ê∞
2023/10/12,19.4,0,2.2,61,ê∞,19.5,0,2.7,54,ê∞,19.4,0,2.9,60,ê∞,14.4,0,2.4,64,ê∞,26.4,0,4.8,69,ì‹
2023/10/13,18.5,0,2.4,55,ê∞,19.1,0,1.9,56,ì‹,19.1,0,2.6,55,ê∞,15.7,0,1.9,66,ê∞,25.9,0,5.1,65,ê∞
2023/10/14,18.2,0,2.1,65,ì‹,18,20.5,1.7,72,âJ,18,6.5,1.7,74,âJ,15.3,0,1.2,71,ì‹,26.2,0,4.8,66,ê∞
2023/10/15,14.9,43.5,2.1,99,âJ,19.9,7,2.5,69,ì‹,18.7,20,3.2,78,âJ,15.6,0,2.6,63,ê∞,25.9,0,5.1,63,ê∞
2023/10/16,19,0,2,74,ê∞,20.2,0,1.8,61,ê∞,18.6,0,2,70,ê∞,12.8,0,3.2,65,ê∞,25.4,0,4.3,56,ê∞
2023/10/17,19.5,0,2.4,56,ê∞,20.1,0,1.6,61,ê∞,19,0,3.4,62,ê∞,9.4,5.5,3.3,67,âJ,25.1,0,4,57,ê∞
2023/10/18,18.9,0,1.9,66,ê∞,20.4,0,1.7,55,ê∞,18.4,0,1.9,55,ê∞,14.7,0,2.6,60,ê∞,24.7,0,3,60,ê∞
2023/10/19,20.3,0,2.4,71,ì‹,21.3,0,1.8,58,ê∞,19.8,0,1.6,66,ê∞,15.1,3,3.2,79,âJ,24.8,0,2.1,66,ê∞
2023/10/20,21.8,0,3.8,66,ê∞,20.4,6.5,2.4,69,âJ,19.6,4,2.4,75,âJ,10.2,32,3,87,âJ,25.3,0,2.2,72,ì‹
2023/10/21,19,0,3.1,47,ê∞,15.8,0,2.7,56,ì‹,14.8,0,4.5,64,ì‹,7.5,4,3.6,66,âJ,23.4,8.5,6.8,66,ì‹
2023/10/22,15.9,0,3,51,ê∞,15.7,0,1.4,57,ê∞,14.5,0,2.5,60,ê∞,7.6,3.5,2.8,71,âJ,23.6,0,4.3,58,ê∞
2023/10/23,16.7,0,1.8,60,ê∞,17.7,0,1.5,58,ê∞,16.8,0,2.1,63,ê∞,10,0,3.1,63,ê∞,25.3,0,4.3,68,ì‹
2023/10/24,17.7,0,1.9,70,ê∞,18.7,0,1.4,59,ê∞,17.5,0,1.4,66,ê∞,11.5,0,2.8,73,ì‹,25.5,2.5,4.2,72,âJ
2023/10/25,17.7,30.5,2,75,ì‹,18.6,0,1.7,64,ê∞,17.5,0,2.6,61,ê∞,14.4,0,2.6,78,ê∞,24.5,1.5,3,78,ê∞
2023/10/26,16.9,0,1.8,70,ê∞,18.5,0,1.4,65,ê∞,17.8,0,2.7,61,ê∞,13,0,1.1,82,ê∞,24.8,0,3.4,67,ì‹
2023/10/27,17.8,0,2,69,ê∞,17.4,2.5,1.8,70,âJ,16.8,7.5,2,70,âJ,13.6,0,2.4,82,ì‹,24.3,0,4.1,59,ê∞
2023/10/28,17.5,0,2.1,71,ê∞,16.7,0,2.3,63,ê∞,16,0,4.1,72,ê∞,12.3,0,3.1,73,ì‹,23.4,0,3.3,63,ì‹
2023/10/29,16.3,5,2.8,63,âJ,16.1,0,2.4,56,ê∞,16.3,0,4.8,54,ê∞,11.8,0,2.6,72,ì‹,24,0,3.9,59,ê∞
2023/10/30,16.9,0,2,62,ê∞,16.4,0,1.5,62,ê∞,15.8,0,1.9,60,ê∞,10.2,0,1.2,80,ê∞,24.2,0,3.6,62,ê∞
2023/10/31,17.2,0,1.6,72,ì‹,17.7,0,1.8,56,ê∞,16.6,0,1.7,65,ê∞,11.3,0,1.6,74,ì‹,24.6,0,4.3,72,ê∞
2023/11/1,18,0,2.3,72,ê∞,17.6,0,1.5,64,ê∞,17,0,1.9,64,ê∞,13.3,15.5,3.2,84,âJ,24.9,0,4.5,73,ê∞
2023/11/2,18.2,0,1.4,68,ê∞,18.9,0,1.2,65,ê∞,18.1,0,2.1,68,ê∞,11.3,2,4.1,69,âJ,23.5,32.5,5.3,82,âJ
2023/11/3,18.8,0,2.1,75,ê∞,19.5,0,1.4,74,ê∞,18.8,0,1.4,73,ê∞,14.4,1,5.6,79,âJ,24.8,0,4.2,73,ì‹
2023/11/4,19.7,0,1.8,79,ì‹,20.3,0,1.1,70,ê∞,18.7,0,1.4,73,ì‹,8.2,0,4,65,ê∞,25.5,0,4.1,74,ê∞
2023/11/5,20,0,2,81,ì‹,21.5,0,2.2,66,ê∞,20.2,0,1.8,70,ê∞,7.7,0,1.6,61,ì‹,25.4,1.5,4.8,80,âJ
2023/11/6,21.4,0.5,3.2,87,ì‹,22.1,11.5,1.8,74,âJ,22,13,5.3,79,âJ,14.2,5,6.3,82,âJ,25.6,0.5,3,85,ê∞
2023/11/7,22.3,4,4.9,79,âJ,19.4,26,3.7,56,ê∞,19.5,9,5.3,69,âJ,13.2,8,2.7,83,âJ,23.9,0,6.6,69,ê∞
2023/11/8,17.7,0,2.3,54,ê∞,17.2,0,1.9,57,ê∞,16.8,0,2.4,60,ê∞,8.3,5.5,3.2,79,âJ,23.5,0,3.8,67,ê∞
2023/11/9,17.1,0,1.9,68,ì‹,18.6,0,1.6,68,ì‹,17.9,0,1.4,72,ì‹,10.6,0,4.6,73,ê∞,25.3,0,3.8,84,ì‹
2023/11/10,15.5,3,1.7,87,âJ,17.5,24.5,1.6,90,âJ,16.8,21,1.6,98,âJ,11.2,7.5,5,78,âJ,26,0,4.2,84,ê∞
2023/11/11,13.7,0,3.1,55,ì‹,14,0,3.4,65,ì‹,13.9,0,4.7,56,ê∞,2.5,1,5.2,58,âJ,23.5,0.5,4.5,83,âJ
2023/11/12,10,0.5,1.8,77,âJ,12.5,0.5,2,69,âJ,11.7,0.5,2.1,67,ì‹,2.2,0,1.9,67,ê∞,20.7,16,5.5,87,âJ
2023/11/13,11.1,0,3.1,55,ê∞,9.6,0,2.6,64,ì‹,10.4,0,4.3,62,ê∞,3.3,0,2,61,ì‹,20.7,0,6.6,62,ì‹
2023/11/14,12.1,0,2.2,49,ê∞,11.3,0,1.6,64,ê∞,10.2,0,2.4,68,ê∞,3.4,4,3.5,73,âJ,20.7,0,3.8,59,ê∞
2023/11/15,11.8,0,2,68,ì‹,12.2,0,1.4,69,ê∞,10.8,0,1.7,73,ê∞,4.7,0,1.8,64,ì‹,21.5,0,4.1,63,ì‹
2023/11/16,12.9,0,1.9,71,ê∞,13.5,1.5,1.5,67,ì‹,12.4,0,1.4,68,ì‹,6.6,0,3.4,69,ê∞,22.7,5,5,67,âJ
2023/11/17,11.5,33.5,2.3,95,âJ,13.3,26.5,2.6,74,âJ,12.6,26.5,3.3,81,âJ,10.5,47.5,5.3,86,âJ,19.7,0.5,7.9,60,ì‹
2023/11/18,12.3,0,3.7,45,ê∞,9.6,2,4.2,55,âJ,8.4,0,3.7,67,ì‹,9.7,0,2.8,57,ê∞,19.3,0,6.8,54,ì‹
2023/11/19,12.1,0,2,60,ê∞,12.8,0,2.5,56,ê∞,10.7,0,2.6,67,ê∞,8.7,2,3.1,62,âJ,19.9,0,4.2,57,ì‹
2023/11/20,12.4,0,3,56,ê∞,13.7,0,2.7,56,ê∞,11.1,0,4.1,64,ê∞,5.4,5,4.5,65,âJ,20.4,0,4.3,59,ê∞
2023/11/21,11.9,0,1.8,60,ê∞,11.5,0,1.1,64,ê∞,10.9,0,1.8,66,ê∞,8.5,0,2.2,61,ê∞,21.3,0,4,66,ì‹
2023/11/22,13.4,0,1.5,67,ê∞,12.8,0,1.3,70,ê∞,13.1,0,1.5,75,ê∞,9.9,0,1.8,71,ê∞,22.7,0,3.5,70,ê∞
2023/11/23,14.7,0,1.8,72,ì‹,14.2,0,1.4,75,ê∞,13.5,0,1.3,76,ê∞,13,0.5,3.8,75,âJ,23.1,0,3.9,69,ê∞
2023/11/24,16.7,0,3.1,56,ê∞,14.8,0,3.2,54,ê∞,12.3,0,3.9,71,ê∞,3.5,14.5,4.8,70,âJ,22.1,0,7.8,64,ê∞
2023/11/25,10.5,0,3,43,ì‹,9.8,0,2.7,58,ê∞,9.2,0,3.9,61,ê∞,-3.1,0,5.7,57,ê∞,20.4,0,5.7,65,ì‹
2023/11/26,7.7,0,2,78,âJ,9.3,0,1.2,69,ê∞,9.9,0,2.2,61,ê∞,-1.1,1,1.9,82,âJ,22.4,0,3.4,75,ì‹
2023/11/27,11,0,1.7,78,ê∞,10.4,0,1.3,75,ì‹,11,0,1.2,76,ê∞,2.1,0,1.5,78,ì‹,22.7,0,4,76,ì‹
2023/11/28,13.9,0,2.6,59,ê∞,12.8,0,2.6,60,ê∞,11.6,0.5,3.7,74,âJ,5.5,4.5,3.9,79,âJ,21.4,0,5.1,60,ê∞
2023/11/29,11.5,0,1.8,51,ê∞,11.1,0,2.1,52,ê∞,9.6,0,2.2,66,ê∞,-2.1,2,2.2,74,âJ,21,0,2.9,68,ê∞
2023/11/30,11.3,0,2.4,46,ê∞,11,0,3.1,53,ê∞,9,0,3.3,67,ê∞,-4.3,0,2.7,65,ì‹,22,0,4.4,69,ì‹
2023/12/1,8.7,0,2,54,ê∞,8.6,0,2.8,54,ê∞,7.9,0,2.2,67,ê∞,-3.2,0,2.4,63,ì‹,19.3,0,5.4,68,ì‹
2023/12/2,8.3,0,1.7,60,ê∞,8.9,0,1.9,52,ê∞,7.9,0,2.5,67,ê∞,-0.9,0,2.4,66,ì‹,19,0,4.3,64,ì‹
2023/12/3,9.1,0,2.5,58,ê∞,9.1,0,1.9,60,ê∞,6.8,0,2.1,77,ê∞,2.5,0,2.1,66,ì‹,19.7,1,3.7,72,âJ
2023/12/4,8.7,0,1.9,53,ê∞,8.5,0,1.1,64,ê∞,7.3,0,2.1,69,ê∞,2.9,0,2.5,65,ê∞,19.8,69,5.9,95,âJ
2023/12/5,8.1,0,1.9,64,ì‹,8.9,0,2.9,69,ì‹,7.1,0,1.8,69,ì‹,5.6,0,2.4,77,ê∞,21.9,4.5,5.6,79,âJ
2023/12/6,11.4,1,2.2,77,âJ,11.2,0.5,1.4,78,ì‹,11.4,0,2.1,59,ê∞,5.2,0,2.3,82,ê∞,20.3,1.5,2.1,76,âJ
2023/12/7,12.9,0,2.7,60,ê∞,11.7,0,2.3,61,ê∞,10.7,0,3.5,64,ê∞,7.7,3,6.1,79,âJ,20.2,0.5,4.6,61,ì‹
2023/12/8,12.3,0,2.5,49,ê∞,10.5,0,1.2,56,ê∞,9.6,0,1.7,63,ê∞,1.6,0.5,3.6,62,âJ,19.9,0,3.5,66,ê∞
2023/12/9,11.9,0,1.6,66,ê∞,13.4,0,1.5,66,ì‹,10.9,0,1.6,69,ê∞,7.7,4.5,3.8,83,âJ,21.7,0,4,76,ê∞
2023/12/10,13,0,1.4,65,ê∞,13.8,0,1.2,75,ê∞,13.2,0,1.7,72,ê∞,0.3,0,3.5,57,ì‹,23.2,0,4.1,76,ì‹
2023/12/11,13.4,0.5,2.1,74,ì‹,14.3,4.5,2.6,70,âJ,13.7,12,2,72,âJ,-1.9,0,2.5,64,ê∞,23.5,0,3.4,84,âJ
2023/12/12,11.9,15.5,2.1,92,âJ,14.2,7.5,2.8,81,âJ,13.9,23.5,3.9,84,âJ,-0.7,7,1.8,78,âJ,21.9,15,5.6,85,âJ
2023/12/13,10.8,0,2.8,52,ê∞,11.3,0,2.7,59,ê∞,10.7,0,4,56,ê∞,-1.9,0.5,5.2,58,âJ,21.3,0,3.3,71,ê∞
2023/12/14,10.2,0,1.7,62,ê∞,11.3,0.5,1.3,65,ì‹,10.4,0,1.5,63,ê∞,-1.9,0,4.7,54,ê∞,21.9,0,2,80,ê∞
2023/12/15,11,1,2.1,82,âJ,14.9,4,1.9,87,âJ,11,12.5,1.4,96,âJ,-1,0,2.7,63,ì‹,23.1,0,3.3,82,ê∞
2023/12/16,17,0,3,71,ì‹,15.5,2,3.9,72,âJ,14.1,0.5,2.4,86,âJ,-0.8,3.5,2.1,85,âJ,19.9,1,7.4,85,âJ
2023/12/17,11.2,0,3.5,36,ê∞,5.9,0,4.5,43,ê∞,5.3,1,7,67,ì‹,-1.4,3,4.9,67,âJ,15.9,0.5,7,71,âJ
2023/12/18,7,0,2.6,36,ê∞,5.7,0,1.9,53,ì‹,4.6,0,3.2,76,ì‹,-6.2,0,4.1,55,ê∞,18.6,0,5.1,72,ê∞
2023/12/19,7,0,1.6,53,ì‹,6.7,0,1.6,68,âJ,6.8,0,1.9,66,ì‹,-5,0,2,66,ê∞,22.5,5.5,4.9,77,ê∞
2023/12/20,8.5,0,1.6,59,ê∞,8.1,0,2.6,61,ì‹,7.5,0,3.8,68,ê∞,-4.1,0,1.9,61,ê∞,17.8,30,6,91,âJ
2023/12/21,7.7,0,2.8,41,ê∞,4.8,0,3.9,41,ê∞,4.9,0,4.9,44,ê∞,-3.6,0,3.1,61,ê∞,15.4,2,8.4,65,âJ
2023/12/22,5.3,0,2.6,38,ê∞,3.1,0,4.6,46,ê∞,2.7,0,3.2,51,ê∞,-3.3,0,2.9,56,ê∞,14.4,1,7.5,63,âJ
2023/12/23,5,0,1.8,47,ê∞,4.5,0,2.1,55,ê∞,3.6,0,2.6,76,ì‹,-5.7,0,4.2,49,ê∞,14.9,8,4.9,77,âJ
2023/12/24,4.9,0,1.6,55,ì‹,5.7,0,1.4,61,ê∞,5.2,0,1.6,66,ê∞,-3.5,0,2.3,56,ê∞,16.7,7.5,4.6,89,âJ
2023/12/25,6.3,0,1.7,56,ê∞,6.7,0,2,58,ê∞,5.4,0,2.2,67,ê∞,-2.2,0,2,63,ê∞,16.7,0,6.6,62,ê∞
2023/12/26,7.6,0,2.4,58,ê∞,6.6,0,1.9,60,ê∞,6.3,0,2.3,66,ê∞,-0.9,17.5,1.9,86,âJ,17.9,0,4.2,61,ê∞
2023/12/27,8.4,0,2.8,50,ì‹,8.6,0,1.3,65,ê∞,8.1,0,2.9,63,ê∞,-2.4,0.5,5.2,55,âJ,19.9,0,4.7,71,ì‹
2023/12/28,7,0,1.9,56,ê∞,8.4,0,1.5,67,ê∞,7.2,0,2,58,ê∞,-1.8,0.5,2.7,66,âJ,19.8,4.5,5.1,78,âJ
2023/12/29,7.8,0,1.6,61,ê∞,9.1,0,1.1,61,ê∞,8.8,0,3,62,ê∞,-0.1,0,2.1,61,ì‹,19.8,15,5.1,92,âJ
2023/12/30,9,0,1.6,63,ê∞,9,0,1.5,61,ê∞,7.7,0,1.4,63,ê∞,0.3,0,2.5,73,ì‹,22.4,16.5,6.5,92,âJ
2023/12/31,9.2,1.5,1.4,79,âJ,10.8,0.5,2.6,74,âJ,9,10.5,2.7,88,âJ,-1.9,6.5,1.9,87,âJ,20.6,0,5.5,74,ì‹
2024/1/1,9.2,0,4,48,ê∞,8.4,0,2.6,62,ê∞,8.4,0,3.7,57,ê∞,-6,0.5,2.5,64,ì‹,18.3,0,4.1,59,ê∞
2024/1/2,6.1,0,1.8,65,ì‹,6.7,0,1.5,68,ê∞,8,0,2.1,60,ê∞,-0.2,2.5,3.7,79,âJ,17.9,0,2.8,60,ê∞
2024/1/3,7.4,0,1.5,72,ì‹,8.4,0.5,1.2,70,âJ,7.6,1,1.4,74,âJ,-0.4,0.5,2.2,75,âJ,17.8,5,5.1,72,âJ
2024/1/4,9.7,0,3.1,58,ê∞,9.1,0,2.2,68,ê∞,9.4,0,3.8,62,ê∞,-1.2,0,1.3,75,ê∞,17.4,0,5.3,54,ê∞
2024/1/5,7.4,0,1.7,57,ê∞,7.9,0,1.6,68,ê∞,6.8,0,1.6,65,ê∞,1.3,3,3.2,80,âJ,18.1,0,3.6,60,ì‹
2024/1/6,9.1,0,1.4,61,ê∞,9.2,0.5,1.5,73,ì‹,8,0,1.6,76,ê∞,0.6,0.5,2.5,73,ì‹,18.2,0.5,3.1,75,âJ
2024/1/7,8.3,0,2.1,53,ê∞,7.5,0,3.4,44,ê∞,6.4,0,5.8,63,ê∞,-0.9,13,2.6,86,âJ,18.2,0,5.4,60,ì‹
2024/1/8,5.4,0,3.4,43,ê∞,4.4,0,2.2,58,ê∞,3.2,0,3.8,67,ê∞,-3.3,8,2.8,80,âJ,17.1,0,2.6,61,ê∞
2024/1/9,5.4,0,1.8,49,ê∞,5.8,0,1.6,65,ê∞,3.6,0,1.7,66,ê∞,-2.2,2,3,79,âJ,17.5,3.5,1.9,87,âJ
2024/1/10,7.2,0,1.8,52,ê∞,6.1,0,1.9,73,ì‹,5.2,0,2.9,70,ì‹,-5.2,0,4,56,ê∞,18.3,1,7.8,67,ì‹
2024/1/11,4.8,0,2.5,51,ì‹,7,0,1.9,60,ê∞,5.4,0,2.9,60,ì‹,-2.9,0,3.9,70,ê∞,16.1,0,6,52,ê∞
2024/1/12,7.1,0,1.5,53,ê∞,8.3,0,2,62,ê∞,5.7,0,2.5,68,ì‹,0.1,8.5,4.2,80,âJ,16,0,2.3,60,ê∞
2024/1/13,5.9,2,2.8,59,âJ,7.4,0,3,52,ê∞,5.1,0,4.6,73,ê∞,-3,12,2.2,81,âJ,16.5,0,2.7,63,ê∞
2024/1/14,6.4,0,4,49,ê∞,5.6,0,1.4,60,ê∞,3.6,0,2,54,ê∞,-1.9,8.5,2.9,83,âJ,17.7,0,2.7,62,ê∞
2024/1/15,6.3,0,3.7,44,ê∞,6.5,0,2.5,66,âJ,4.7,0.5,4.6,64,ì‹,-5.3,10,6,73,âJ,17.7,0,4.9,68,ê∞
2024/1/16,3.7,0,3.9,43,ê∞,5.1,0,2.6,54,ê∞,3.3,0,5.1,57,ê∞,-5.7,24.5,3.6,82,âJ,17.7,0,4.4,54,ê∞
2024/1/17,6.2,0,1.5,48,ê∞,6.4,0,1.2,54,ê∞,5.5,0,1.9,48,ê∞,-1.2,0,1.5,81,ê∞,20.4,0,5.6,60,ì‹
2024/1/18,8.5,0,1.4,49,ê∞,8.3,5,1.4,81,âJ,7.1,2.5,2.1,83,âJ,-0.5,1.5,2.7,81,âJ,21.8,0,5.6,67,ê∞
2024/1/19,10.2,0,2.2,58,ì‹,9.6,0,2.6,73,ì‹,9.5,0,3.2,76,ê∞,-3.7,3,1.8,63,ê∞,22.6,0,3.9,73,ì‹
2024/1/20,6.3,2.5,2.7,69,âJ,9.1,5,3.5,82,ì‹,7.7,10.5,1.7,93,âJ,-6.2,5,1.3,76,âJ,22.7,0,3.4,79,âJ
2024/1/21,8.1,31.5,2.9,90,âJ,11.3,10,2.8,78,âJ,10.3,11.5,3.6,87,âJ,-6.6,5,1.9,78,âJ,19.7,27,6.3,81,âJ
2024/1/22,10.7,0,2.1,76,ì‹,9.8,0,1.9,63,ì‹,9.6,0,2.2,71,ê∞,-1.7,2,5.1,85,âJ,17.7,0,8.1,73,ì‹
2024/1/23,9,0,2.1,65,ê∞,5.1,0,4.2,43,ê∞,5.6,0,5.6,55,ê∞,0.8,9,5.6,74,âJ,13.2,6,8.4,75,âJ
2024/1/24,4.5,0,4.4,31,ê∞,2.4,0,4.2,46,ê∞,0.1,0.5,4.2,82,âJ,-1.7,9.5,4.6,79,âJ,13.3,0,7.6,60,ì‹
2024/1/25,4.2,0,3.9,30,ê∞,3.3,0,2,61,ê∞,1.8,0,3.9,73,ê∞,-0.6,12,10.4,86,âJ,15.2,0,5.4,63,ì‹
2024/1/26,6.2,0,4.7,35,ê∞,5.3,0,2.3,57,ì‹,3.8,0,4.2,59,ê∞,0.7,7.5,7,89,âJ,16.1,0,5,62,ì‹
2024/1/27,7.2,0,3.5,38,ê∞,6.6,0,1.8,59,ê∞,5.5,0,4,56,ê∞,0.8,0.5,3.1,80,âJ,16.2,0,2.4,69,ì‹
2024/1/28,6,0,1.6,50,ì‹,6,0,1.5,69,ì‹,5.4,0,3.1,62,ê∞,1,1,2.4,80,âJ,16.2,0,5.6,66,ì‹
2024/1/29,6.8,0,1.9,51,ê∞,6.6,0,1.3,64,ê∞,5.9,0,2.3,56,ê∞,1,4,1.1,86,âJ,16.3,0,3.6,58,ê∞
2024/1/30,7.7,0,1.7,52,ê∞,7.3,0,1.2,61,ê∞,6.6,0,1.9,61,ê∞,-0.2,0,1.9,65,ê∞,19.4,0,4.5,64,ì‹
2024/1/31,9.3,0,2.1,63,ê∞,8.6,2.5,2.5,74,ì‹,6.5,3,1.9,78,âJ,-1.6,0,2.3,74,ì‹,22.1,0,4.5,74,ì‹
2024/2/1,9.8,0,3.4,48,ê∞,8.7,3,2.9,77,ì‹,9.1,1.5,4.6,72,ì‹,-4.8,2.5,5.7,66,âJ,21.8,0,4,76,ê∞
2024/2/2,5,0,2.6,43,ì‹,5.3,0,2.6,55,ê∞,4.3,0,4.5,51,ê∞,-5.2,6,5.5,65,âJ,21.8,0,2.5,80,ê∞
2024/2/3,6.9,0,2.6,44,ê∞,6.6,1,2.2,55,ì‹,6.2,0,2.7,50,ê∞,-5.8,6,3,75,âJ,21.6,1,2.9,85,âJ
2024/2/4,4.9,5,1.7,77,âJ,6.6,2.5,2.3,69,ì‹,8.2,0,3.4,60,ê∞,-2.4,4,2.1,78,âJ,22,2,2.9,87,ì‹
2024/2/5,3,35,2.5,75,âJ,5.3,13.5,2.8,77,âJ,5,24,3.4,81,âJ,-4.6,0.5,1.7,62,ê∞,19.3,6.5,7,80,âJ
2024/2/6,3.4,2,2.2,93,âJ,7.1,0,2.3,62,ê∞,6,0,3.9,69,ê∞,-5.4,0,1.4,60,ê∞,17.6,0,4.2,63,ì‹
2024/2/7,4.7,0,1.5,69,ê∞,6,0,1.8,67,ê∞,5.6,0,3,70,ê∞,-2.9,0,1.7,73,ì‹,17.5,6.5,2.5,79,âJ
2024/2/8,5.7,0,2,59,ê∞,6.1,0,1.9,61,ê∞,5.3,0,3.7,58,ê∞,-1.6,0,2.5,67,âJ,16.7,4,5.2,82,âJ
2024/2/9,6.8,0,2.1,56,ì‹,7.3,0,1.4,53,ê∞,6.4,0,3,52,ê∞,-1.6,1,3,66,âJ,15.8,4.5,4.8,76,âJ
2024/2/10,7.1,0,2.1,61,ê∞,6.7,0,1.9,66,ê∞,5.8,0,3.2,67,ê∞,-1.3,0.5,1.7,73,ì‹,16,0,5.6,55,ì‹
2024/2/11,8.1,0,2.8,47,ê∞,6.7,0.5,2.3,61,ê∞,6.1,0,3,65,ê∞,-2.1,17.5,3.3,76,âJ,16.3,0,5.2,45,ê∞
2024/2/12,7.3,0,2.2,50,ê∞,7.6,0,2,57,ê∞,6.7,0,3.2,67,ê∞,0.1,0,2.9,58,ê∞,17.1,0,3.6,48,ê∞
2024/2/13,9.6,0,2.7,52,ê∞,9.3,0,1.7,66,ê∞,7.5,0,1.5,62,ê∞,5.4,0,3.2,64,ê∞,19.9,0,5.1,53,ì‹
2024/2/14,10.9,0,1.4,45,ê∞,12.7,0,1.5,66,ê∞,10.9,0,1.8,62,ê∞,5.2,0,2,71,ê∞,21.3,0,6.9,73,ê∞
2024/2/15,14.4,0,4,63,ì‹,14.7,9,2,76,âJ,10.8,4,1.3,82,âJ,1.2,2.5,3.9,79,âJ,22.1,2.5,3.3,79,âJ
2024/2/16,10.6,0,4.6,46,ê∞,7.5,1,3.6,59,ì‹,9.2,0,5.6,52,ê∞,-2.5,10,5.5,78,âJ,19.4,0,4.8,77,ì‹
2024/2/17,9,0,2.3,58,ì‹,9.1,0,1.5,62,ì‹,10.1,0.5,2,62,âJ,-1.4,0,2.7,66,ì‹,19.3,0,2.1,68,ì‹
2024/2/18,13.4,0,2.4,69,ê∞,14.4,0,1.7,70,ì‹,12.3,0.5,1.6,85,âJ,2.7,0,4.4,73,ê∞,21.1,0,4.5,75,ì‹
2024/2/19,15,5,4.5,85,âJ,14.1,8.5,1.4,88,âJ,14.9,47,4.2,97,âJ,7.6,1,4.7,81,ì‹,23,0,5.7,85,ê∞
2024/2/20,18.1,0,3.5,78,ì‹,14.7,0,2.7,83,ì‹,16.3,2,2.8,82,ì‹,-1,14.5,7,73,âJ,23.1,0,5.2,86,ì‹
2024/2/21,8.7,5.5,2.7,91,âJ,10.4,10,3.1,86,âJ,12.1,15,2,91,âJ,-3.9,0,4.4,52,ì‹,23,0,5.4,82,ê∞
2024/2/22,5.5,6.5,2.9,95,âJ,8.2,10,3.3,77,âJ,9.1,7.5,3.6,79,âJ,-4.7,19.5,4.2,79,âJ,23,0,4.3,84,ì‹
2024/2/23,2.8,6.5,2.9,93,âJ,5.9,5,1.9,77,âJ,5.8,12.5,3.6,79,âJ,-5.7,12.5,2.4,84,âJ,20.6,0,4.8,83,ì‹
2024/2/24,5.3,0,2.2,60,ì‹,7,0,2.9,56,ì‹,6.8,0,2.3,55,ê∞,-4.9,5,1.6,83,âJ,20.2,0,4.8,75,ì‹
2024/2/25,4.4,8.5,2.9,84,âJ,6.3,13,3.4,86,âJ,6.4,6,2.7,91,âJ,-3.3,1.5,1.5,67,ì‹,16.8,0,7.6,78,ì‹
2024/2/26,7.8,0.5,5.5,57,ê∞,7.3,0,2.7,63,ì‹,7.9,0,6.2,56,ê∞,-2.9,7.5,2,89,âJ,17.8,0,5,72,ì‹
2024/2/27,7,0,7.3,39,ê∞,6.4,0,3.4,52,ê∞,6.2,0,6.3,47,ê∞,-1.4,4,3.9,71,âJ,18,0,4,75,ì‹
2024/2/28,8.3,0,4,40,ê∞,8.3,0,2.7,48,ê∞,7.6,0,4.5,47,ê∞,-3.9,0,5.6,60,ê∞,20.4,0,6.6,76,ì‹
2024/2/29,7.6,4,2,62,ì‹,7,15.5,3.2,72,âJ,6.6,18,2.2,70,âJ,-3.2,1,2.2,76,âJ,22,22,6.3,90,âJ
2024/3/1,9.9,15.5,3.2,68,âJ,9.1,2.5,3.2,64,ì‹,8.8,4,5.9,70,ê∞,-0.4,2,4.6,77,âJ,17.6,23,6.5,89,âJ
2024/3/2,6.3,0,3.6,38,ì‹,4.4,0,2.7,50,ì‹,3.9,0,5.1,56,ê∞,-6,10.5,3,75,âJ,14.4,6,5.5,75,âJ
2024/3/3,7.5,0,2.7,41,ê∞,6.3,0,2.5,55,ê∞,5.1,0,2.5,62,ê∞,-3.4,0.5,2.2,65,ì‹,16,0,3.8,74,ì‹
2024/3/4,9.4,0,1.9,41,ê∞,9.8,0,2.8,59,ê∞,7.4,0,3,63,ì‹,-3.7,0,2.8,66,âJ,20.6,29,5.4,88,âJ
2024/3/5,6.4,19,2,71,âJ,6.8,23,3.7,84,âJ,5.9,21.5,2.4,80,âJ,-2,0,2.7,61,ê∞,23.4,2.5,8,96,ì‹
2024/3/6,5.6,11,3.4,83,âJ,8.2,2.5,3.5,73,âJ,8.6,3.5,4.2,79,âJ,-2.4,0,2.5,69,ê∞,21.2,10.5,6.3,82,âJ
2024/3/7,6.9,0,2.5,56,ì‹,7.8,0,2.3,51,ì‹,8.1,0,3.7,50,ê∞,-2.7,5,2.4,77,âJ,17.9,0.5,3.5,75,âJ
2024/3/8,4.5,19,1.8,88,âJ,7.7,0,3.1,52,ì‹,7.4,0,4.9,58,ê∞,-2.8,0,1.6,57,ê∞,16.5,3.5,6.5,57,ì‹
2024/3/9,6.1,0,3.7,53,ê∞,5.1,0,3,55,ê∞,4.3,0,5.3,64,ê∞,-2,1.5,2.8,69,âJ,16.4,0,4.7,52,âJ
2024/3/10,6.7,0,2.9,40,ê∞,6,0,2.3,48,ê∞,4.9,0,4.1,58,ê∞,-1.7,13,2,78,âJ,17,0,3.7,54,ê∞
2024/3/11,8.2,0,2.5,49,ê∞,8.2,0,1.7,55,ê∞,7.3,0,2.1,54,ê∞,2.1,0,2.4,67,ì‹,19.2,2,5.8,66,âJ
2024/3/12,7.8,36,2.6,79,âJ,9,28,2.7,76,âJ,7.7,45.5,3.7,85,âJ,2.6,0,2.2,77,âJ,19,32.5,8.1,62,âJ
2024/3/13,9.5,0,4.2,46,ê∞,8.2,0,2.8,55,ì‹,8.1,0,5.9,53,ê∞,-0.5,0.5,4.9,61,âJ,17.2,0,5.1,49,ì‹
2024/3/14,9.5,0,2.4,51,ê∞,9.2,0,1.9,60,ì‹,8.5,0,2.7,51,ê∞,0.9,0,2.2,73,ì‹,18.4,0,2.2,56,ê∞
2024/3/15,11.8,0,2.8,49,ê∞,11.4,0,2.1,54,ê∞,11.3,0,2.9,46,ê∞,1.8,8,2.3,82,âJ,19.6,0,3.3,65,ì‹
2024/3/16,14.8,0,3.3,47,ê∞,13.5,0,1.4,50,ê∞,14.7,0,2.9,43,ê∞,2.7,1,3.3,65,âJ,20.7,0,4.6,67,ì‹
2024/3/17,16,0,3.6,56,ê∞,12.2,5.5,1.4,73,âJ,12.5,0,2.1,66,ì‹,2,4.5,3.6,80,âJ,21.6,0,5.7,76,ì‹
2024/3/18,9.5,0,5.8,30,ê∞,8.3,0,4.2,44,ê∞,8.1,0,7.8,37,ê∞,1.4,3.5,6.8,76,âJ,20,0,4.8,67,ì‹
2024/3/19,8.4,0,4.1,41,ì‹,8.3,0,2.2,51,ì‹,8.1,0,2.8,44,ì‹,-0.9,11,4.2,75,âJ,19,2,4.8,77,âJ
2024/3/20,8.5,1,4.4,54,âJ,7.3,1.5,4.4,64,ì‹,6.7,3,6.4,71,âJ,-0.5,0,2.9,69,ê∞,16.7,0,8.2,47,ê∞
2024/3/21,6.5,0,6,34,ê∞,4.4,0,2.4,62,ê∞,4.4,0,4.8,54,ê∞,0,0,4.2,64,ì‹,16.3,0,3.8,49,ê∞
2024/3/22,7.2,0,3.4,34,ê∞,7.2,0,1.6,54,ê∞,6.3,0,3.3,50,ê∞,1.1,0,3,66,ì‹,18.8,0,4.4,60,ê∞
2024/3/23,5.7,0.5,1.6,63,âJ,7.7,23,2.3,89,âJ,5.7,23.5,2.4,90,âJ,2.3,0,1.7,58,ê∞,22.1,0,6.5,75,ì‹
2024/3/24,10.2,1,1.6,83,âJ,10.6,1.5,3.5,87,âJ,7.6,2,1.6,95,âJ,4.7,0,1.9,61,ê∞,23.4,0,6.2,83,ê∞
2024/3/25,11.3,9,1.5,98,âJ,12,18,2.3,93,âJ,11,10.5,1.5,99,âJ,3.6,0,5,50,ê∞,23.8,0,6.5,85,ì‹
2024/3/26,9.4,45,2.6,94,âJ,10.5,27.5,3,84,âJ,10.7,58.5,3.9,87,âJ,2.4,0,3.2,56,ê∞,20.8,1,6.9,83,âJ
2024/3/27,10.9,0,3.2,54,ê∞,10.9,0.5,3.1,48,ê∞,10.9,0,4.1,51,ê∞,2.8,0,4.1,60,ê∞,19.7,0,3.8,62,ê∞
2024/3/28,10.9,2.5,2.5,68,âJ,12.3,7,2.7,66,ì‹,11.1,22,3,78,âJ,4,0,4,53,ì‹,21.3,0,4.8,73,âJ
2024/3/29,16.3,29,4.8,88,âJ,16.5,14,3,67,ê∞,17.6,19.5,4.5,75,âJ,8.2,3,5.8,82,âJ,21.9,26.5,3.6,86,âJ
2024/3/30,17.8,0,2.1,66,ê∞,17.5,0,2.6,54,ì‹,16.8,0,2.3,56,ê∞,6.9,1.5,3.1,62,âJ,21.6,0,2.2,84,âJ
2024/3/31,19.5,0,3.2,61,ê∞,18.7,0,2.1,63,ì‹,18.9,0,2.1,54,ê∞,4.8,2,2.9,57,âJ,22,55,4.9,93,
2024/4/1,14.6,3,2.8,73,ì‹,16.7,0.5,3.1,43,ê∞,15.7,0.5,5,45,ê∞,4.9,0,3.4,54,ì‹,22.7,0,5.4,78,
2024/4/2,14.2,0,3,50,ê∞,15.3,0,2.1,49,ì‹,14.9,0,2.2,42,ê∞,4.6,0,3.8,54,ê∞,23.8,1,6.6,89,âJ
2024/4/3,13.9,11.5,1.6,83,âJ,14.5,20.5,2.3,84,âJ,13,42.5,1.7,87,âJ,5.7,0,2,56,ê∞,24.9,0,7.7,89,ì‹
2024/4/4,15.4,4,2,79,âJ,15.4,0.5,2.8,74,ì‹,16,1.5,4.4,74,ì‹,6,0,3.1,66,ê∞,25,0,6,90,ì‹
2024/4/5,11.4,0.5,2.8,71,âJ,14.7,0,2.6,54,ì‹,12.8,0.5,2.2,76,ì‹,7.4,0,3,46,ê∞,24,2,4.4,88,âJ
2024/4/6,12.7,0,1.8,81,ì‹,16.2,0,1.8,65,ì‹,16.3,0,2.2,72,ì‹,9.5,0,3.9,47,ê∞,22.4,32.5,2.3,92,âJ
2024/4/7,17,1.5,2.1,83,âJ,18.6,0,1.5,65,ì‹,18.3,0,2.3,67,ì‹,12.1,0,4.8,67,ê∞,22.3,14.5,2.2,94,âJ
2024/4/8,18.8,0,2,85,ì‹,18.3,20,2.9,78,âJ,17.3,16.5,1.3,86,âJ,13.5,0,4.8,63,ê∞,22.2,70,3.9,96,âJ
2024/4/9,15.6,55.5,4.4,78,âJ,13.6,44.5,4,70,âJ,14.9,53.5,5.7,71,âJ,4.4,0,8.2,61,ì‹,21.7,0.5,5.9,76,âJ
2024/4/10,11.7,0,3.2,47,ê∞,13.1,0,2.2,43,ê∞,12.7,0,3.8,52,ê∞,7.8,0,2.7,36,ê∞,21.9,0,6.2,66,ê∞
2024/4/11,14,0,2.5,62,ê∞,16,0,2.1,56,ì‹,15.3,0,2.7,57,ì‹,10.1,0,3,41,ì‹,22.4,0,3.9,74,ì‹
2024/4/12,15,2.5,2.3,73,âJ,18.4,0,2.8,49,ê∞,17.7,0,2.5,59,ê∞,12.3,0,4.2,58,ì‹,22.2,6.5,3.2,80,âJ
2024/4/13,16.4,0,2.3,68,ì‹,18.3,0,2,50,ì‹,17.8,0,2.7,69,ê∞,14.2,0,3.2,59,ê∞,23.9,5.5,3.2,88,âJ
2024/4/14,18,0,2.2,66,ê∞,18.5,0,1.8,64,ê∞,18.8,0,2.5,67,ê∞,13.9,0,2.1,67,ê∞,24.6,0,5.2,89,âJ
2024/4/15,19.4,0,2.8,65,ê∞,18.7,0,1.9,67,ì‹,18.7,0,3.5,68,ê∞,16.3,0,2.4,51,ê∞,23.1,165,3.9,95,âJ
2024/4/16,19.2,0,5.3,66,ê∞,19.6,3.5,1.8,65,âJ,18,9,3.9,75,âJ,15.9,0,6.2,67,ì‹,23.9,0,2.1,89,ì‹
2024/4/17,20.1,0,3,70,ê∞,19.8,18.5,2.1,60,ì‹,19.7,2,3.4,63,ì‹,15,12,3.7,81,âJ,25.6,0,4,83,ì‹
2024/4/18,17.9,1.5,2.7,67,ì‹,17.5,0,3.4,47,ì‹,17.9,0,2.9,57,ì‹,10.9,6.5,2.5,93,âJ,23.6,1.5,6.2,76,âJ
2024/4/19,18.3,0,5.6,46,ê∞,18.1,0,2.3,48,ê∞,18.1,0,5.6,44,ê∞,8.4,1,6,85,âJ,22.4,0,3.6,64,ê∞
2024/4/20,19.4,0,2.5,48,ì‹,19.9,0,1.5,47,ì‹,20.5,0,2.4,40,ì‹,6.4,1,8,88,âJ,23.9,0,5.9,77,ì‹
2024/4/21,18.4,5,2.6,67,ì‹,17,17,2.5,84,âJ,18.1,20,2,76,âJ,7.3,0,6.2,85,ì‹,26.3,0,6.3,86,ê∞
2024/4/22,15.6,7,2.2,89,âJ,20,0,2.6,76,ì‹,19.1,0,3,80,ì‹,7.8,0.5,5.5,80,âJ,26.3,0,5.9,89,ì‹
2024/4/23,16.9,0,2.1,82,ì‹,18.4,14.5,2.8,86,âJ,18.3,0.5,2.5,77,âJ,10.3,0,2.6,67,ê∞,26.2,9,6.9,92,âJ
2024/4/24,15,20.5,2.1,94,âJ,18.9,3.5,3,78,âJ,16.2,15,2,97,âJ,10.1,0.5,7.4,75,âJ,22.6,47,4.1,87,âJ
2024/4/25,19.5,0.5,2.2,78,ê∞,18.9,0.5,1.9,67,ê∞,18.9,1,4.6,64,âJ,11.3,11.5,4,92,âJ,22,5.5,3.2,89,âJ
2024/4/26,20.3,0,2.4,72,ì‹,19.4,0,1.8,61,ì‹,19.3,0,2.1,69,ì‹,15.6,0,3.1,66,ê∞,24.4,55,3.8,93,âJ
2024/4/27,19.5,0,1.9,84,ì‹,19.4,0,1.3,74,ì‹,19.1,0,1.5,78,ì‹,18.2,0,2.7,57,ê∞,26,17,3.3,83,âJ
2024/4/28,21.6,0,2.7,71,ê∞,21,0,1.9,68,ê∞,21.4,0,2.6,66,ê∞,12,0,3.8,67,ì‹,26.3,3,3.6,88,âJ
2024/4/29,21.2,0,3.7,80,ì‹,20.8,2,1.8,76,âJ,20.2,0,2.9,77,ì‹,10.8,0,4,52,ê∞,25.1,35,5.3,90,âJ
2024/4/30,20.9,2.5,2.4,84,âJ,19.6,5,2.4,87,âJ,19.7,4,2.7,83,âJ,10.7,1.5,4.5,69,âJ,26.4,0,4.5,87,ê∞
2024/5/1,16.5,26.5,3,92,âJ,15.1,7,3.5,78,âJ,16.7,2,4.4,77,âJ,9.8,0,4.9,61,ê∞,24.7,25.5,5.8,85,âJ
2024/5/2,15.3,3,2.9,70,ê∞,16.9,0,2.1,52,ê∞,16.7,0.5,3.2,61,ì‹,14.1,0,2.3,38,ê∞,22.2,16,2.2,87,âJ
2024/5/3,17.7,0,2.6,63,ê∞,18.6,0,2.2,59,ê∞,19.1,0,2.2,60,ê∞,14.4,0,5.3,37,ê∞,23.5,2.5,1.6,86,âJ
2024/5/4,20.9,0,2.4,57,ê∞,20.2,0,1.9,64,ê∞,20.5,0,2.8,58,ê∞,13.5,0,2,49,ê∞,25,0,3.7,80,ê∞
2024/5/5,21.5,0,3.8,65,ê∞,20.7,0,2.1,64,ê∞,20.4,0,3.2,63,ê∞,16.2,0,5.8,60,ì‹,25.7,0,5.2,80,
2024/5/6,20.9,0,5.7,68,ì‹,20.8,5,2,64,âJ,19.7,2,4.1,76,âJ,15.5,3,4.4,81,âJ,26.1,2,5.2,86,âJ
2024/5/7,20,5,4.1,88,âJ,19.5,14,2.8,78,âJ,19.8,34,4.2,83,âJ,11.2,6,6.5,87,âJ,24.9,0,4.6,77,ê∞
2024/5/8,17.8,8,2.8,83,âJ,16.7,0,3.4,60,ê∞,17.7,0,5.7,57,ê∞,6.1,0.5,6.2,74,âJ,23.9,0,4.3,65,ê∞
2024/5/9,13.7,1.5,2.5,70,âJ,15,0,3.1,44,ì‹,15.1,0,5.3,50,ê∞,9.6,0.5,2.7,65,ì‹,22.2,0,5.9,57,ê∞
2024/5/10,17.5,0,3.5,50,ê∞,16.9,0,2,49,ê∞,17.4,0,2.4,52,ê∞,13.8,0,3,55,ì‹,23.1,0,4,62,ê∞
2024/5/11,20.3,0,5.4,61,ê∞,20.5,0,2.2,57,ê∞,19.1,0,3.5,65,ê∞,17.2,0,5.3,53,ì‹,24.7,1.5,3.9,72,âJ
2024/5/12,21.1,0,4.8,65,ì‹,21.2,6.5,1.9,66,âJ,19.6,5.5,4.2,75,âJ,17.3,1.5,4.9,70,âJ,26.4,0,5.3,84,ê∞
2024/5/13,19.3,58.5,3.8,96,âJ,15.7,38.5,2.6,83,âJ,16,41.5,3.8,89,âJ,13.3,3.5,2.2,86,âJ,23,67,4.3,90,âJ
2024/5/14,16.9,0,2.6,71,ì‹,18.2,0,2.1,60,ê∞,18.3,0,2.9,64,ê∞,16.2,0,2.8,53,ê∞,22.3,27,2.9,78,âJ
2024/5/15,19.4,1.5,2.7,76,ì‹,20.2,0,1.7,71,âJ,19.8,0.5,2,73,ì‹,17.7,0,5,48,ê∞,23.3,1,4.5,77,ê∞
2024/5/16,18.7,10,4,79,âJ,18.3,0,3.8,59,ê∞,18.9,7,3.7,73,âJ,17.4,1.5,5.7,63,âJ,22.9,0,6.2,63,ê∞
2024/5/17,20.6,0,2.8,50,ê∞,20.1,0,2.5,47,ê∞,19.7,0,3,48,ê∞,15.6,2,3.8,71,âJ,23.3,0,5.6,65,ê∞
2024/5/18,21.9,0,2.5,59,ê∞,22.2,0,1.7,45,ê∞,22.3,0,2.7,41,ê∞,19.6,0,4,51,ê∞,24.3,0,5.7,81,ì‹
2024/5/19,20.8,0,1.8,75,âJ,18.1,13,1.7,74,âJ,18.9,11.5,2,69,âJ,17.2,0,2.8,51,ê∞,25.3,0,5.2,78,ì‹
2024/5/20,17.4,34,1.9,92,âJ,19.9,2.5,2,70,ì‹,20.7,18.5,3.3,67,âJ,15.3,0.5,2.4,62,ì‹,25.1,0.5,6.1,75,âJ
2024/5/21,22.5,0,2.8,74,ì‹,20.5,0,3.5,63,ê∞,21.3,0,4.7,58,ê∞,11.3,13.5,4.8,83,âJ,23.7,109.5,5.8,95,âJ
2024/5/22,20.6,0,3.5,61,ì‹,19.9,0,2.6,66,ì‹,21,0,3.6,65,ì‹,16.1,0,4.4,50,ê∞,25.1,128.5,4.4,96,âJ
2024/5/23,21.4,0,3,75,ì‹,21.2,0,1.9,73,ì‹,21.9,0,1.9,72,ì‹,17.3,0,2.9,61,ê∞,26.4,2,5.5,92,âJ
2024/5/24,23.3,0,2.5,67,ì‹,22.3,0,2.5,68,ì‹,23.2,0,4.6,66,ì‹,12.1,5,5.9,84,âJ,25.1,58,2.1,95,âJ
2024/5/25,21.4,0,3.3,52,ê∞,20.7,0,3.4,47,ê∞,21.8,0,4.8,45,ê∞,11,0.5,5,70,âJ,25.9,0.5,2.3,91,âJ
2024/5/26,21.6,0,3.6,63,ê∞,21.6,0,2.6,60,ì‹,22,0,3.7,64,ì‹,15.5,0,2.1,61,ê∞,27.1,0,4.3,90,ì‹
2024/5/27,22.3,0,4.3,84,ì‹,22.4,6,1.7,82,âJ,20.7,16,2.9,93,âJ,15.9,1,5.8,78,âJ,27.6,1.5,6.5,87,âJ
2024/5/28,24,19,5.2,91,âJ,19.5,108.5,2.3,92,âJ,21.6,47.5,5.3,94,âJ,14,0,4.6,71,âJ,25.6,23.5,7.5,93,âJ
2024/5/29,22,0.5,3.7,71,ì‹,19.5,0,2.9,57,ê∞,20,0,5.3,59,ê∞,10.6,0,5.2,79,ì‹,24.4,0,4.6,80,ì‹
2024/5/30,22.5,0,3,73,ê∞,20.5,1,2.3,62,ì‹,21.2,5,2.6,72,ì‹,12.4,0,2.7,79,âJ,25.9,0,2.5,86,ì‹
2024/5/31,19,34,2.1,90,âJ,18.2,3.5,1.8,89,âJ,19,15,2.8,84,âJ,13.2,1,1.6,78,âJ,26.9,8.5,3.8,92,âJ
2024/6/1,20.9,0,2.6,75,ì‹,21.1,0,1.7,66,ê∞,21.4,0,3,62,ê∞,15.7,0,2.6,68,ê∞,24.9,24.5,2.5,96,âJ
2024/6/2,18.7,45.5,2.3,88,âJ,21,1,2.4,70,ì‹,20.3,11,2.6,75,âJ,15.4,0,5.2,59,ê∞,21.6,47,3.6,92,âJ
2024/6/3,18.3,25.5,2.2,88,âJ,20.3,0,2.7,60,ê∞,20.8,0,3.6,57,ê∞,15.5,0,3.4,62,ì‹,21.8,42.5,5.4,82,âJ
2024/6/4,19.5,0,2.5,75,ê∞,20.2,0,3.1,60,ê∞,21.3,0,3.9,56,ê∞,15.1,4.5,2.3,77,âJ,24.5,0,4.8,68,ê∞
2024/6/5,21.4,0,2.7,64,ê∞,22,0,2.6,58,ê∞,22.4,0,3.5,59,ê∞,12.5,5.5,2.5,88,âJ,24.7,0,4.9,67,ì‹
2024/6/6,22,0,3,72,ì‹,21.5,0,2.3,65,ì‹,22.9,0,2.5,64,ì‹,12.9,0,1.8,82,ì‹,23.2,2,2.6,74,âJ
2024/6/7,22.1,0,2.7,67,ê∞,23.8,0,2.2,62,ê∞,23.7,0,3.2,59,ê∞,17.6,0,2.7,71,ê∞,24.3,2.5,3.5,83,âJ
2024/6/8,22.8,0,2.7,66,ê∞,23.6,0,2.2,62,ì‹,23.5,0,3,61,ì‹,20.9,0,4.9,66,ê∞,26.2,1.5,4.9,90,âJ
2024/6/9,22.4,0.5,3.6,76,ì‹,20.2,11,2.1,81,âJ,20.9,6,2.9,80,âJ,18.4,2,7.2,81,âJ,25.7,12,3.1,94,âJ
2024/6/10,20.7,17,2.4,85,âJ,23.1,2,2.2,71,ê∞,22.7,4.5,2.8,74,ì‹,20.2,0.5,3.7,76,ì‹,25.1,12.5,2.8,90,âJ
2024/6/11,24,0,3.2,73,ê∞,24.2,0,2.1,69,ì‹,25.1,0,2.8,67,ê∞,20.2,0,2.1,74,ì‹,25.2,134.5,4.4,96,âJ
2024/6/12,24.6,0,3.1,74,ì‹,25,0,2.4,69,ê∞,25.5,0,3,66,ê∞,21.8,0,4,70,ê∞,26.1,112,5.7,96,âJ
2024/6/13,22.6,0,2,81,ì‹,26.5,0,2.3,63,ê∞,25.4,0,2.6,70,ì‹,19.4,0,3,81,ì‹,26.3,52,4.5,94,âJ
2024/6/14,25.9,0,2.7,67,ê∞,26.4,0,2.1,67,ê∞,26.5,0,2.8,66,ê∞,17,0,2.5,87,ì‹,25.7,189.5,5.3,96,âJ
2024/6/15,24.8,0.5,2.8,75,ì‹,25.5,1,2.5,68,ì‹,24.8,3.5,2.9,69,ì‹,20.8,0,4.9,75,ê∞,27.3,24.5,8.1,94,
2024/6/16,23.7,5.5,2.5,86,âJ,25.1,1,2.5,76,ê∞,24.5,7,2.3,79,âJ,20.4,9,5.6,83,âJ,27.8,0,5.3,92,ì‹
2024/6/17,26,0,2.1,75,ì‹,24.7,5.5,2.1,66,ì‹,23.7,1,2.1,70,ì‹,22.6,0,3.5,58,ì‹,27.8,0.5,6.6,91,âJ
2024/6/18,19.2,98,2,100,âJ,21.3,81.5,2.9,83,âJ,20.4,71.5,2.9,88,âJ,21,0.5,3.5,73,ì‹,25.6,106,4.5,96,âJ
2024/6/19,23.5,0,2.7,72,ê∞,25.7,0,1.7,58,ê∞,24.6,0,2.9,63,ê∞,19.1,0,3.5,71,ê∞,27.7,0,3.9,91,ì‹
2024/6/20,24.4,0,3.2,75,ì‹,25.2,0,1.8,64,ì‹,23.8,0,2.1,71,ì‹,19.3,0,2.7,70,ê∞,28.8,0,6.9,87,ì‹
2024/6/21,20.1,44,2.8,94,âJ,22.9,47,2.9,76,âJ,22.9,19,2.6,77,âJ,21,0,2.3,73,ì‹,29,0,6.7,88,ê∞
2024/6/22,23.9,0,3.3,67,ì‹,24.1,22,1.8,80,âJ,23.7,4,3.1,79,âJ,18.7,0,2.2,88,âJ,29.5,0,7.4,88,ê∞
2024/6/23,21.6,29.5,2.3,95,âJ,25.6,44,2.6,91,âJ,21.9,30.5,1.8,98,âJ,19.6,0,2.7,84,ì‹,29.3,0,7.6,88,ì‹
2024/6/24,26.7,0,2.1,81,ê∞,25.8,2.5,3,79,ì‹,27.6,2,2.6,74,ì‹,20.1,0.5,5,84,âJ,29.5,0,6.8,84,ê∞
2024/6/25,27.8,0,2,76,ì‹,26.1,0,2,77,ì‹,26.9,0,1.8,70,âJ,17.4,0,4.2,84,ì‹,29.6,0,5.1,82,ê∞
2024/6/26,26.9,0,2.6,73,ì‹,26,0,2.2,63,ì‹,25.9,0,3.9,55,ì‹,15,0,4.3,78,ê∞,29.9,0,4.3,81,ê∞
2024/6/27,25.4,0,3.2,70,ì‹,24.5,1.5,1.5,67,ì‹,25.6,0,2.1,57,ì‹,19.1,2,2.2,73,âJ,29.7,0,4.5,76,ê∞
2024/6/28,22,82.5,1.9,98,âJ,23.4,72,2.4,93,âJ,22.1,63.5,1.8,97,âJ,23.9,0,3.3,69,ê∞,29.6,0,5,81,ê∞
2024/6/29,23.7,0,2,87,ì‹,25.9,0,2.4,79,ì‹,26.5,0.5,2.2,80,âJ,24.5,0,2.2,60,ê∞,30,0,4.9,79,ì‹
2024/6/30,25.9,1.5,3.8,84,âJ,27.5,5,3.6,79,âJ,25.3,5,3.2,91,âJ,23.9,13.5,4,63,âJ,30,0,6.3,79,ê∞
2024/7/1,26.3,12.5,4.8,89,âJ,26.1,46.5,3.4,89,âJ,24.5,37.5,2.7,97,âJ,18.2,0,6.2,83,ì‹,30.2,0,5.9,80,ê∞
2024/7/2,27.3,0,2.3,80,ì‹,26.3,6.5,2,84,âJ,25,8,1.8,91,âJ,19,0,2.7,67,ê∞,30.5,0,5.4,78,ê∞
2024/7/3,27.7,0,2.6,77,ì‹,28.3,0,1.9,78,ì‹,29.3,0,2.2,73,ì‹,21.8,0,1.7,62,ì‹,30.8,0,3.6,76,ê∞
2024/7/4,29.3,0,2.7,75,ê∞,29.4,0,3.2,70,ì‹,31.1,0,3.6,59,ê∞,22.4,0,2.4,71,ì‹,30.5,0,2.7,74,ê∞
2024/7/5,30.2,0,2.7,70,ê∞,30.7,0,3.2,62,ê∞,31.8,0,2.6,55,ê∞,23.6,3.5,3.7,76,âJ,30.8,0,3.4,75,ê∞
2024/7/6,28.1,36,2.1,84,âJ,31.3,0,3.1,62,ê∞,31.6,0,2.8,59,ì‹,22.4,1.5,6,80,ì‹,30.8,0,3.8,74,ì‹
2024/7/7,28.9,0,2.1,84,ì‹,30.7,0,3.1,65,ì‹,32.2,0,2.6,57,ê∞,23,0.5,4,81,ì‹,30.6,2.5,3.4,77,âJ
2024/7/8,30.9,0,2.3,73,ì‹,31,0,3.3,63,ì‹,32.3,0,2.7,56,ì‹,20.1,0,2.6,90,ì‹,31,0.5,3.6,72,âJ
2024/7/9,30.1,0,2.8,72,ì‹,30.1,0,2.7,67,ì‹,29.4,0,2.4,65,âJ,21.2,2,2,87,âJ,30.1,4.5,4.3,78,âJ
2024/7/10,29.5,0,3.7,70,ì‹,29.6,0,3.4,71,ì‹,27.9,4.5,2.5,80,âJ,22.5,0,2.1,74,ê∞,30.6,0,5.8,79,âJ
2024/7/11,27.8,0.5,4,77,ì‹,25.6,13.5,2.6,85,ì‹,25.8,9.5,2.3,88,âJ,21.6,0,2.1,79,ê∞,30.6,0,6.2,79,ê∞
2024/7/12,24.4,13.5,1.8,93,âJ,24.3,46,2.1,87,âJ,24.6,29,2.5,88,âJ,22.4,0,2.8,75,ê∞,30.8,0,6.2,78,ê∞
2024/7/13,26.2,0,2.7,82,ì‹,26.6,0,1.7,75,ì‹,26.2,0,2.4,76,ê∞,20.8,0,3.8,78,ê∞,31.2,0,5.1,75,ê∞
2024/7/14,25.4,12.5,1.8,95,âJ,26.6,1.5,1.7,86,ì‹,26,5,1.4,90,âJ,22.9,0,2.1,67,ê∞,31.5,0,4.5,73,ê∞
2024/7/15,24.6,0.5,2.4,87,âJ,27.9,0.5,2.1,79,ì‹,26.8,7.5,2.2,86,âJ,24.1,0,1.9,69,ê∞,31.4,0,4.3,71,ê∞
2024/7/16,23.9,11.5,1.8,90,âJ,27,50.5,2.3,79,âJ,26.3,39.5,2.3,88,âJ,24.8,0,3.7,72,ê∞,30.3,4.5,4.1,77,âJ
2024/7/17,25.8,1,1.7,87,ì‹,29.4,0,2.4,69,ì‹,26.6,11.5,1.7,85,âJ,26,0,3,67,ê∞,30.9,0,3.8,76,ê∞
2024/7/18,28.4,0,2.3,77,ì‹,30.2,0,2.6,68,ì‹,29.5,0,2.7,74,ê∞,26.2,0,2.7,72,ê∞,31.1,0,3.6,75,ê∞
2024/7/19,30,0,3,72,ì‹,31.1,0,2.7,68,ê∞,29.8,0,2.8,74,ì‹,24.1,0,5.8,84,âJ,31.5,0,3.7,72,ê∞
2024/7/20,30.7,45,2.6,76,âJ,31,0,3.1,69,ì‹,30.1,0,2.3,74,âJ,27,0,2.3,76,ê∞,31.5,0,4,71,ê∞
2024/7/21,29.1,20,2.7,79,ì‹,31.1,0,2.5,69,ê∞,31.5,0,2.4,66,ê∞,27.9,0,3.7,69,ê∞,31.5,2,4.7,73,ê∞
2024/7/22,30.5,9.5,2.6,75,ì‹,31.4,0,2.6,69,ê∞,32.3,0,2.7,60,ê∞,28.8,0,3.5,65,ê∞,30.8,4.5,6.6,76,âJ
2024/7/23,29.5,0,2.9,82,ê∞,31.4,0,2.7,64,ê∞,32.4,0,2.5,59,ê∞,28.1,1,2.6,73,âJ,29.5,23.5,7.1,80,âJ
2024/7/24,30.1,0,2.2,69,ì‹,30.9,0,2.6,69,ì‹,29.6,0,2.4,70,ì‹,23.4,5,5.2,85,âJ,29.2,11.5,10,82,âJ
2024/7/25,30.2,0.5,2.4,72,ê∞,30.7,0,2.6,69,ì‹,29,2,2,74,âJ,22.4,1,3.7,79,âJ,28.3,15.5,8.6,87,âJ
2024/7/26,30.1,0,2.4,73,ì‹,31.7,0,2.9,66,ê∞,30.4,0,2,69,ê∞,23.9,0,2.3,77,ì‹,28.1,26,8.5,87,âJ
2024/7/27,30.3,0.5,1.9,76,ì‹,31.5,0,2.9,68,ì‹,32.6,0,2.5,65,ê∞,22.9,1.5,2.8,83,ì‹,29.9,0,6.8,80,ì‹
2024/7/28,31.6,0,2.1,67,ì‹,32.2,0,2.6,65,ê∞,32.6,0,4.6,59,ê∞,23.1,76,4.4,86,âJ,30.1,0.5,6,78,âJ
2024/7/29,32.3,0,3.1,61,ì‹,31.9,0,3.1,61,ì‹,32.3,0,5.1,53,ê∞,22.9,52,2.5,97,âJ,30.1,2.5,4.5,79,âJ
2024/7/30,30.8,0.5,2.3,68,ì‹,31.6,0,3.2,62,ê∞,31.1,0,4.7,65,ê∞,23.7,0,5.7,83,âJ,29.8,0,2.4,79,ê∞
2024/7/31,29.4,42.5,2.7,77,âJ,31.3,0,3,60,ê∞,31.8,0,5,54,ê∞,22.6,0,4.1,79,ê∞,30.3,0,3.3,78,ê∞
2024/8/1,28.5,0,2.4,74,ì‹,31.9,0,2.4,58,ê∞,31,0,3.2,58,ê∞,23.5,1,2.5,82,âJ,30.4,0,3.6,77,ì‹
2024/8/2,28.7,0,2.6,74,ì‹,32.2,0,2.3,61,ê∞,31.1,0,2.7,66,ê∞,26.1,0,4.3,76,ì‹,30.5,0,3.8,76,ê∞
2024/8/3,29.4,0,2.6,73,ê∞,32,0,2.1,69,ê∞,31.4,0,2.9,67,ê∞,25.7,5,4.9,80,âJ,30.7,0,4,73,ê∞
2024/8/4,30,0,2.5,67,ê∞,31.7,0,1.8,69,ê∞,32,0,2.8,67,ê∞,21.3,4.5,4.1,87,ì‹,30.9,0,4.4,75,ì‹
2024/8/5,30,0,2.6,72,ì‹,31,7.5,2.1,74,âJ,31.8,0,3,69,ê∞,21.5,0,3.3,82,âJ,30.7,2,4.8,77,âJ
2024/8/6,29.9,0,2.3,74,ì‹,30.5,33,2.1,73,âJ,31.3,0,2.4,69,ì‹,23.2,0,1.4,82,ì‹,30.2,11,5.3,82,âJ
2024/8/7,28.9,76.5,2.6,80,ì‹,30.3,0,2.7,65,ê∞,31.8,0,2.6,61,ê∞,25.9,0,2.6,82,ê∞,30.7,0,3.4,80,ì‹
2024/8/8,28.1,0,2.2,87,ê∞,30.7,0,2.5,57,ê∞,31.6,0,2.9,60,ê∞,26,0,2.2,82,âJ,30.7,0,3.1,77,ê∞
2024/8/9,30,0,2.7,74,ê∞,31.3,0,2.7,56,ê∞,32.5,0,2.7,59,ê∞,26.7,0,2,79,ì‹,30.5,0,2.9,74,ê∞
2024/8/10,30,0,2.7,69,ê∞,30,0,3.4,61,ê∞,31.8,0,3.3,57,ê∞,25.6,0,3.6,82,ê∞,30.1,43,2.7,76,âJ
2024/8/11,31.5,0,2.8,66,ê∞,30,0,2.9,61,ê∞,31.8,0,3.6,57,ê∞,25.3,0,2.3,75,ê∞,30.4,0,2.4,76,ê∞
2024/8/12,31.2,0,3.9,70,ê∞,30.5,0,2.6,61,ê∞,32,0,3,59,ê∞,27.6,2,2.2,74,âJ,30.6,0,2.9,74,ê∞
2024/8/13,30.8,0,3.6,73,ê∞,31.4,0,2.6,61,ê∞,31.8,0,2.6,63,ê∞,26,17.5,4.6,93,âJ,30.5,0,3.3,73,ê∞
2024/8/14,30.4,0,2.7,74,ê∞,31.8,0,2.3,60,ê∞,31.7,0,2.8,64,ê∞,25.7,4.5,3.1,90,âJ,30.1,0,2.5,77,ì‹
2024/8/15,30.3,0,2.7,75,ê∞,30.9,21,2.3,68,âJ,30.6,8,2.3,71,âJ,24,0,4.6,86,ê∞,30.2,0.5,2.3,76,âJ
2024/8/16,26.7,90,4.2,95,âJ,29.8,0,2.7,67,ì‹,31.3,0,4.7,67,ê∞,25.3,0,1.8,80,ì‹,30,1,2.3,76,âJ
2024/8/17,30.4,0,2.7,74,ê∞,29.9,0,3,65,ì‹,32.2,0,4.3,62,ê∞,24.3,0,2.9,82,ì‹,29.8,3,2.5,79,âJ
2024/8/18,29.7,0,2.5,82,ì‹,31,0,2.1,59,ê∞,31.5,0,3,64,ê∞,23,0,3.9,79,ê∞,30,2,4.2,79,âJ
2024/8/19,29.2,22,2.4,83,âJ,28.7,4,1.8,76,âJ,30.8,0,1.9,68,âJ,23.8,4.5,2,78,âJ,29.2,8.5,9.3,80,âJ
2024/8/20,28.3,0.5,2.4,81,âJ,27.7,22.5,1.8,84,âJ,27.7,30.5,2.6,81,âJ,21.8,3,2.1,84,âJ,30.2,1,5.4,78,âJ
2024/8/21,28.3,21,2.8,83,ì‹,30.9,0,1.7,71,ì‹,30.9,0,3.1,68,ê∞,23.2,0,2,76,ê∞,30.2,0,3.7,79,ì‹
2024/8/22,27.5,16,3.1,91,âJ,31.3,0,2,68,ê∞,30.7,0,3.1,73,ì‹,22.9,5.5,4.7,81,âJ,30.3,0,3.6,79,ê∞
2024/8/23,28.9,0,4,83,ì‹,31.7,0,2.6,63,ê∞,30.2,11,3.5,78,âJ,28,0,4.3,78,ì‹,29.9,0,2.9,80,ì‹
2024/8/24,29.4,1,3.2,80,ì‹,31.5,0,2.2,67,ê∞,30.4,61.5,3.2,77,âJ,25.7,0,3.9,76,ê∞,28.6,28,3.6,86,âJ
2024/8/25,28.6,1.5,3.5,83,âJ,30.3,24.5,2.2,72,âJ,27.8,12.5,2.1,84,âJ,24.3,0,3.7,72,ê∞,29.7,0,4,80,ì‹
2024/8/26,29.2,0,4.4,76,ê∞,30.6,0,2.4,66,ê∞,28.5,15.5,3.7,79,âJ,24.8,1.5,3.4,78,âJ,29.5,9,3.6,81,âJ
2024/8/27,27.7,30,4.7,85,âJ,30.2,0.5,2.3,68,ì‹,26.9,19.5,3.1,86,âJ,22.3,34,2.4,93,âJ,30.3,0,6.6,79,ì‹
2024/8/28,28,0,3.5,82,ì‹,28.9,1,3.7,70,âJ,26.9,1,1.8,78,âJ,23.5,0,1.4,80,ì‹,30.2,0,7.1,80,ì‹
2024/8/29,27.1,23,2.7,89,âJ,26.6,10.5,4.3,82,âJ,24.3,75.5,2.2,93,âJ,24.9,0,2.5,77,ê∞,29.9,0.5,5.8,82,âJ
2024/8/30,26,84,3.2,99,âJ,30.2,3.5,3.2,70,ì‹,27.4,7,3.6,88,âJ,25.7,0,4.7,83,ê∞,30.3,0,4.5,82,ê∞
2024/8/31,27.1,15.5,3.6,95,âJ,26.5,34.5,2.7,85,âJ,25.3,40,3.4,93,âJ,23.8,19.5,2.6,81,âJ,30,0.5,3.6,76,âJ
2024/9/1,26.2,35.5,2.6,97,âJ,27,15,1.5,83,âJ,26.4,8.5,2.8,87,âJ,23.8,0,2.1,64,ê∞,29.8,0,2.8,66,ê∞
2024/9/2,29.3,0,4.9,80,ê∞,29.3,0,2,72,ê∞,28.9,32,2.7,82,âJ,22.7,0,1.6,73,ê∞,30,0,2.3,61,ê∞
2024/9/3,24.9,9.5,2.8,88,âJ,27.9,0,2.9,67,ì‹,27.7,0,2.6,73,ê∞,23,0,2.8,61,ê∞,29.1,13,2.1,78,âJ
