date,place,temperature(),sum_precipitation(mm),windspeed(m/s),humidity(),weather
2023/9/3,,29.1,3.5,2.8,74,
2023/9/4,,26.1,34,2.6,96,J
2023/9/5,,29.3,0,3.5,77,
2023/9/6,,27.5,0.5,2.6,79,J
2023/9/7,,27,0.5,2.5,72,
2023/9/8,,21.9,107.5,3.4,98,J
2023/9/9,,24.8,1,2.2,93,J
2023/9/10,,27.8,0,3.1,83,
2023/9/11,,28.1,0,3.1,79,
2023/9/12,,27.7,0,2.8,76,
2023/9/13,,28,0,2.4,74,
2023/9/14,,28.2,0,2.8,80,
2023/9/15,,27.4,10.5,2,88,J
2023/9/16,,27.9,0,2,86,
2023/9/17,,28.7,0,3.2,80,
2023/9/18,,28.9,0,4.2,74,
2023/9/19,,29,0,3.3,72,
2023/9/20,,27.2,6,1.9,82,J
2023/9/21,,26.7,2,4.1,87,J
2023/9/22,,24.8,59.5,2.5,93,J
2023/9/23,,22.1,4,2.6,89,J
2023/9/24,,22.2,0,3,67,
2023/9/25,,22.4,0,2.5,69,
2023/9/26,,24.6,0,2,71,
2023/9/27,,25.3,0,1.9,81,
2023/9/28,,27.4,0,1.9,79,
2023/9/29,,26.3,0,3,75,
2023/9/30,,25.6,0,2.5,77,
2023/10/1,,25.6,0,2.8,80,
2023/10/2,,23.3,0,2.7,57,
2023/10/3,,22.8,0,2.7,53,
2023/10/4,,18.7,15,2.3,94,J
2023/10/5,,20,0,2.6,76,
2023/10/6,,20.8,0,4.3,38,
2023/10/7,,20.4,0,3.2,41,
2023/10/8,,18.1,0,2.3,61,
2023/10/9,,15.4,40,2.8,99,J
2023/10/10,,20.2,13,2,82,J
2023/10/11,,19.8,0,2.5,59,
2023/10/12,,19.4,0,2.2,61,
2023/10/13,,18.5,0,2.4,55,
2023/10/14,,18.2,0,2.1,65,
2023/10/15,,14.9,43.5,2.1,99,J
2023/10/16,,19,0,2,74,
2023/10/17,,19.5,0,2.4,56,
2023/10/18,,18.9,0,1.9,66,
2023/10/19,,20.3,0,2.4,71,
2023/10/20,,21.8,0,3.8,66,
2023/10/21,,19,0,3.1,47,
2023/10/22,,15.9,0,3,51,
2023/10/23,,16.7,0,1.8,60,
2023/10/24,,17.7,0,1.9,70,
2023/10/25,,17.7,30.5,2,75,
2023/10/26,,16.9,0,1.8,70,
2023/10/27,,17.8,0,2,69,
2023/10/28,,17.5,0,2.1,71,
2023/10/29,,16.3,5,2.8,63,J
2023/10/30,,16.9,0,2,62,
2023/10/31,,17.2,0,1.6,72,
2023/11/1,,18,0,2.3,72,
2023/11/2,,18.2,0,1.4,68,
2023/11/3,,18.8,0,2.1,75,
2023/11/4,,19.7,0,1.8,79,
2023/11/5,,20,0,2,81,
2023/11/6,,21.4,0.5,3.2,87,
2023/11/7,,22.3,4,4.9,79,J
2023/11/8,,17.7,0,2.3,54,
2023/11/9,,17.1,0,1.9,68,
2023/11/10,,15.5,3,1.7,87,J
2023/11/11,,13.7,0,3.1,55,
2023/11/12,,10,0.5,1.8,77,J
2023/11/13,,11.1,0,3.1,55,
2023/11/14,,12.1,0,2.2,49,
2023/11/15,,11.8,0,2,68,
2023/11/16,,12.9,0,1.9,71,
2023/11/17,,11.5,33.5,2.3,95,J
2023/11/18,,12.3,0,3.7,45,
2023/11/19,,12.1,0,2,60,
2023/11/20,,12.4,0,3,56,
2023/11/21,,11.9,0,1.8,60,
2023/11/22,,13.4,0,1.5,67,
2023/11/23,,14.7,0,1.8,72,
2023/11/24,,16.7,0,3.1,56,
2023/11/25,,10.5,0,3,43,
2023/11/26,,7.7,0,2,78,J
2023/11/27,,11,0,1.7,78,
2023/11/28,,13.9,0,2.6,59,
2023/11/29,,11.5,0,1.8,51,
2023/11/30,,11.3,0,2.4,46,
2023/12/1,,8.7,0,2,54,
2023/12/2,,8.3,0,1.7,60,
2023/12/3,,9.1,0,2.5,58,
2023/12/4,,8.7,0,1.9,53,
2023/12/5,,8.1,0,1.9,64,
2023/12/6,,11.4,1,2.2,77,J
2023/12/7,,12.9,0,2.7,60,
2023/12/8,,12.3,0,2.5,49,
2023/12/9,,11.9,0,1.6,66,
2023/12/10,,13,0,1.4,65,
2023/12/11,,13.4,0.5,2.1,74,
2023/12/12,,11.9,15.5,2.1,92,J
2023/12/13,,10.8,0,2.8,52,
2023/12/14,,10.2,0,1.7,62,
2023/12/15,,11,1,2.1,82,J
2023/12/16,,17,0,3,71,
2023/12/17,,11.2,0,3.5,36,
2023/12/18,,7,0,2.6,36,
2023/12/19,,7,0,1.6,53,
2023/12/20,,8.5,0,1.6,59,
2023/12/21,,7.7,0,2.8,41,
2023/12/22,,5.3,0,2.6,38,
2023/12/23,,5,0,1.8,47,
2023/12/24,,4.9,0,1.6,55,
2023/12/25,,6.3,0,1.7,56,
2023/12/26,,7.6,0,2.4,58,
2023/12/27,,8.4,0,2.8,50,
2023/12/28,,7,0,1.9,56,
2023/12/29,,7.8,0,1.6,61,
2023/12/30,,9,0,1.6,63,
2023/12/31,,9.2,1.5,1.4,79,J
2024/1/1,,9.2,0,4,48,
2024/1/2,,6.1,0,1.8,65,
2024/1/3,,7.4,0,1.5,72,
2024/1/4,,9.7,0,3.1,58,
2024/1/5,,7.4,0,1.7,57,
2024/1/6,,9.1,0,1.4,61,
2024/1/7,,8.3,0,2.1,53,
2024/1/8,,5.4,0,3.4,43,
2024/1/9,,5.4,0,1.8,49,
2024/1/10,,7.2,0,1.8,52,
2024/1/11,,4.8,0,2.5,51,
2024/1/12,,7.1,0,1.5,53,
2024/1/13,,5.9,2,2.8,59,J
2024/1/14,,6.4,0,4,49,
2024/1/15,,6.3,0,3.7,44,
2024/1/16,,3.7,0,3.9,43,
2024/1/17,,6.2,0,1.5,48,
2024/1/18,,8.5,0,1.4,49,
2024/1/19,,10.2,0,2.2,58,
2024/1/20,,6.3,2.5,2.7,69,J
2024/1/21,,8.1,31.5,2.9,90,J
2024/1/22,,10.7,0,2.1,76,
2024/1/23,,9,0,2.1,65,
2024/1/24,,4.5,0,4.4,31,
2024/1/25,,4.2,0,3.9,30,
2024/1/26,,6.2,0,4.7,35,
2024/1/27,,7.2,0,3.5,38,
2024/1/28,,6,0,1.6,50,
2024/1/29,,6.8,0,1.9,51,
2024/1/30,,7.7,0,1.7,52,
2024/1/31,,9.3,0,2.1,63,
2024/2/1,,9.8,0,3.4,48,
2024/2/2,,5,0,2.6,43,
2024/2/3,,6.9,0,2.6,44,
2024/2/4,,4.9,5,1.7,77,J
2024/2/5,,3,35,2.5,75,J
2024/2/6,,3.4,2,2.2,93,J
2024/2/7,,4.7,0,1.5,69,
2024/2/8,,5.7,0,2,59,
2024/2/9,,6.8,0,2.1,56,
2024/2/10,,7.1,0,2.1,61,
2024/2/11,,8.1,0,2.8,47,
2024/2/12,,7.3,0,2.2,50,
2024/2/13,,9.6,0,2.7,52,
2024/2/14,,10.9,0,1.4,45,
2024/2/15,,14.4,0,4,63,
2024/2/16,,10.6,0,4.6,46,
2024/2/17,,9,0,2.3,58,
2024/2/18,,13.4,0,2.4,69,
2024/2/19,,15,5,4.5,85,J
2024/2/20,,18.1,0,3.5,78,
2024/2/21,,8.7,5.5,2.7,91,J
2024/2/22,,5.5,6.5,2.9,95,J
2024/2/23,,2.8,6.5,2.9,93,J
2024/2/24,,5.3,0,2.2,60,
2024/2/25,,4.4,8.5,2.9,84,J
2024/2/26,,7.8,0.5,5.5,57,
2024/2/27,,7,0,7.3,39,
2024/2/28,,8.3,0,4,40,
2024/2/29,,7.6,4,2,62,
2024/3/1,,9.9,15.5,3.2,68,J
2024/3/2,,6.3,0,3.6,38,
2024/3/3,,7.5,0,2.7,41,
2024/3/4,,9.4,0,1.9,41,
2024/3/5,,6.4,19,2,71,J
2024/3/6,,5.6,11,3.4,83,J
2024/3/7,,6.9,0,2.5,56,
2024/3/8,,4.5,19,1.8,88,J
2024/3/9,,6.1,0,3.7,53,
2024/3/10,,6.7,0,2.9,40,
2024/3/11,,8.2,0,2.5,49,
2024/3/12,,7.8,36,2.6,79,J
2024/3/13,,9.5,0,4.2,46,
2024/3/14,,9.5,0,2.4,51,
2024/3/15,,11.8,0,2.8,49,
2024/3/16,,14.8,0,3.3,47,
2024/3/17,,16,0,3.6,56,
2024/3/18,,9.5,0,5.8,30,
2024/3/19,,8.4,0,4.1,41,
2024/3/20,,8.5,1,4.4,54,J
2024/3/21,,6.5,0,6,34,
2024/3/22,,7.2,0,3.4,34,
2024/3/23,,5.7,0.5,1.6,63,J
2024/3/24,,10.2,1,1.6,83,J
2024/3/25,,11.3,9,1.5,98,J
2024/3/26,,9.4,45,2.6,94,J
2024/3/27,,10.9,0,3.2,54,
2024/3/28,,10.9,2.5,2.5,68,J
2024/3/29,,16.3,29,4.8,88,J
2024/3/30,,17.8,0,2.1,66,
2024/3/31,,19.5,0,3.2,61,
2024/4/1,,14.6,3,2.8,73,
2024/4/2,,14.2,0,3,50,
2024/4/3,,13.9,11.5,1.6,83,J
2024/4/4,,15.4,4,2,79,J
2024/4/5,,11.4,0.5,2.8,71,J
2024/4/6,,12.7,0,1.8,81,
2024/4/7,,17,1.5,2.1,83,J
2024/4/8,,18.8,0,2,85,
2024/4/9,,15.6,55.5,4.4,78,J
2024/4/10,,11.7,0,3.2,47,
2024/4/11,,14,0,2.5,62,
2024/4/12,,15,2.5,2.3,73,J
2024/4/13,,16.4,0,2.3,68,
2024/4/14,,18,0,2.2,66,
2024/4/15,,19.4,0,2.8,65,
2024/4/16,,19.2,0,5.3,66,
2024/4/17,,20.1,0,3,70,
2024/4/18,,17.9,1.5,2.7,67,
2024/4/19,,18.3,0,5.6,46,
2024/4/20,,19.4,0,2.5,48,
2024/4/21,,18.4,5,2.6,67,
2024/4/22,,15.6,7,2.2,89,J
2024/4/23,,16.9,0,2.1,82,
2024/4/24,,15,20.5,2.1,94,J
2024/4/25,,19.5,0.5,2.2,78,
2024/4/26,,20.3,0,2.4,72,
2024/4/27,,19.5,0,1.9,84,
2024/4/28,,21.6,0,2.7,71,
2024/4/29,,21.2,0,3.7,80,
2024/4/30,,20.9,2.5,2.4,84,J
2024/5/1,,16.5,26.5,3,92,J
2024/5/2,,15.3,3,2.9,70,
2024/5/3,,17.7,0,2.6,63,
2024/5/4,,20.9,0,2.4,57,
2024/5/5,,21.5,0,3.8,65,
2024/5/6,,20.9,0,5.7,68,
2024/5/7,,20,5,4.1,88,J
2024/5/8,,17.8,8,2.8,83,J
2024/5/9,,13.7,1.5,2.5,70,J
2024/5/10,,17.5,0,3.5,50,
2024/5/11,,20.3,0,5.4,61,
2024/5/12,,21.1,0,4.8,65,
2024/5/13,,19.3,58.5,3.8,96,J
2024/5/14,,16.9,0,2.6,71,
2024/5/15,,19.4,1.5,2.7,76,
2024/5/16,,18.7,10,4,79,J
2024/5/17,,20.6,0,2.8,50,
2024/5/18,,21.9,0,2.5,59,
2024/5/19,,20.8,0,1.8,75,J
2024/5/20,,17.4,34,1.9,92,J
2024/5/21,,22.5,0,2.8,74,
2024/5/22,,20.6,0,3.5,61,
2024/5/23,,21.4,0,3,75,
2024/5/24,,23.3,0,2.5,67,
2024/5/25,,21.4,0,3.3,52,
2024/5/26,,21.6,0,3.6,63,
2024/5/27,,22.3,0,4.3,84,
2024/5/28,,24,19,5.2,91,J
2024/5/29,,22,0.5,3.7,71,
2024/5/30,,22.5,0,3,73,
2024/5/31,,19,34,2.1,90,J
2024/6/1,,20.9,0,2.6,75,
2024/6/2,,18.7,45.5,2.3,88,J
2024/6/3,,18.3,25.5,2.2,88,J
2024/6/4,,19.5,0,2.5,75,
2024/6/5,,21.4,0,2.7,64,
2024/6/6,,22,0,3,72,
2024/6/7,,22.1,0,2.7,67,
2024/6/8,,22.8,0,2.7,66,
2024/6/9,,22.4,0.5,3.6,76,
2024/6/10,,20.7,17,2.4,85,J
2024/6/11,,24,0,3.2,73,
2024/6/12,,24.6,0,3.1,74,
2024/6/13,,22.6,0,2,81,
2024/6/14,,25.9,0,2.7,67,
2024/6/15,,24.8,0.5,2.8,75,
2024/6/16,,23.7,5.5,2.5,86,J
2024/6/17,,26,0,2.1,75,
2024/6/18,,19.2,98,2,100,J
2024/6/19,,23.5,0,2.7,72,
2024/6/20,,24.4,0,3.2,75,
2024/6/21,,20.1,44,2.8,94,J
2024/6/22,,23.9,0,3.3,67,
2024/6/23,,21.6,29.5,2.3,95,J
2024/6/24,,26.7,0,2.1,81,
2024/6/25,,27.8,0,2,76,
2024/6/26,,26.9,0,2.6,73,
2024/6/27,,25.4,0,3.2,70,
2024/6/28,,22,82.5,1.9,98,J
2024/6/29,,23.7,0,2,87,
2024/6/30,,25.9,1.5,3.8,84,J
2024/7/1,,26.3,12.5,4.8,89,J
2024/7/2,,27.3,0,2.3,80,
2024/7/3,,27.7,0,2.6,77,
2024/7/4,,29.3,0,2.7,75,
2024/7/5,,30.2,0,2.7,70,
2024/7/6,,28.1,36,2.1,84,J
2024/7/7,,28.9,0,2.1,84,
2024/7/8,,30.9,0,2.3,73,
2024/7/9,,30.1,0,2.8,72,
2024/7/10,,29.5,0,3.7,70,
2024/7/11,,27.8,0.5,4,77,
2024/7/12,,24.4,13.5,1.8,93,J
2024/7/13,,26.2,0,2.7,82,
2024/7/14,,25.4,12.5,1.8,95,J
2024/7/15,,24.6,0.5,2.4,87,J
2024/7/16,,23.9,11.5,1.8,90,J
2024/7/17,,25.8,1,1.7,87,
2024/7/18,,28.4,0,2.3,77,
2024/7/19,,30,0,3,72,
2024/7/20,,30.7,45,2.6,76,J
2024/7/21,,29.1,20,2.7,79,
2024/7/22,,30.5,9.5,2.6,75,
2024/7/23,,29.5,0,2.9,82,
2024/7/24,,30.1,0,2.2,69,
2024/7/25,,30.2,0.5,2.4,72,
2024/7/26,,30.1,0,2.4,73,
2024/7/27,,30.3,0.5,1.9,76,
2024/7/28,,31.6,0,2.1,67,
2024/7/29,,32.3,0,3.1,61,
2024/7/30,,30.8,0.5,2.3,68,
2024/7/31,,29.4,42.5,2.7,77,J
2024/8/1,,28.5,0,2.4,74,
2024/8/2,,28.7,0,2.6,74,
2024/8/3,,29.4,0,2.6,73,
2024/8/4,,30,0,2.5,67,
2024/8/5,,30,0,2.6,72,
2024/8/6,,29.9,0,2.3,74,
2024/8/7,,28.9,76.5,2.6,80,
2024/8/8,,28.1,0,2.2,87,
2024/8/9,,30,0,2.7,74,
2024/8/10,,30,0,2.7,69,
2024/8/11,,31.5,0,2.8,66,
2024/8/12,,31.2,0,3.9,70,
2024/8/13,,30.8,0,3.6,73,
2024/8/14,,30.4,0,2.7,74,
2024/8/15,,30.3,0,2.7,75,
2024/8/16,,26.7,90,4.2,95,J
2024/8/17,,30.4,0,2.7,74,
2024/8/18,,29.7,0,2.5,82,
2024/8/19,,29.2,22,2.4,83,J
2024/8/20,,28.3,0.5,2.4,81,J
2024/8/21,,28.3,21,2.8,83,
2024/8/22,,27.5,16,3.1,91,J
2024/8/23,,28.9,0,4,83,
2024/8/24,,29.4,1,3.2,80,
2024/8/25,,28.6,1.5,3.5,83,J
2024/8/26,,29.2,0,4.4,76,
2024/8/27,,27.7,30,4.7,85,J
2024/8/28,,28,0,3.5,82,
2024/8/29,,27.1,23,2.7,89,J
2024/8/30,,26,84,3.2,99,J
2024/8/31,,27.1,15.5,3.6,95,J
2024/9/1,,26.2,35.5,2.6,97,J
2024/9/2,,29.3,0,4.9,80,
2024/9/3,,24.9,9.5,2.8,88,J
2023/9/3,,30.9,0,2.7,60,
2023/9/4,,30.3,0,3.6,64,
2023/9/5,,29.9,0,2.7,69,
2023/9/6,,27.9,2,2.4,71,J
2023/9/7,,26.8,0,3.1,69,
2023/9/8,,26.3,1,2.4,73,J
2023/9/9,,27.6,0,1.8,63,
2023/9/10,,27.1,20.5,1.8,74,J
2023/9/11,,25.8,2.5,1.5,82,J
2023/9/12,,26.5,7.5,1.6,78,J
2023/9/13,,27.8,0,1.9,70,
2023/9/14,,28.8,0,2,69,
2023/9/15,,29.9,0,2.1,68,
2023/9/16,,29.6,0,2.1,69,
2023/9/17,,29.2,0,2,70,
2023/9/18,,29.1,1,2.2,71,
2023/9/19,,29.3,0,2.7,65,
2023/9/20,,28.9,0,1.8,68,
2023/9/21,,28.7,7.5,3.7,72,J
2023/9/22,,25.9,2,2.1,76,J
2023/9/23,,24.7,0,3.6,60,
2023/9/24,,25,0,2.7,52,
2023/9/25,,26.5,0,2.7,57,
2023/9/26,,26.8,0,2,58,
2023/9/27,,28.2,0,2.5,65,
2023/9/28,,27.9,0,3.1,67,
2023/9/29,,26.8,0,2.6,54,
2023/9/30,,26.4,0,2.6,63,
2023/10/1,,23.8,13.5,2.4,77,J
2023/10/2,,22.5,0,2.8,52,
2023/10/3,,21.9,4.5,2.2,58,
2023/10/4,,22.5,9.5,2.3,77,J
2023/10/5,,20.8,0,2.8,62,
2023/10/6,,20,0,2.8,49,
2023/10/7,,20.1,0,2.7,47,
2023/10/8,,17.8,3.5,2.8,71,J
2023/10/9,,18.4,10,2.9,89,J
2023/10/10,,20.9,0,2.3,67,
2023/10/11,,20.1,0,2.4,53,
2023/10/12,,19.5,0,2.7,54,
2023/10/13,,19.1,0,1.9,56,
2023/10/14,,18,20.5,1.7,72,J
2023/10/15,,19.9,7,2.5,69,
2023/10/16,,20.2,0,1.8,61,
2023/10/17,,20.1,0,1.6,61,
2023/10/18,,20.4,0,1.7,55,
2023/10/19,,21.3,0,1.8,58,
2023/10/20,,20.4,6.5,2.4,69,J
2023/10/21,,15.8,0,2.7,56,
2023/10/22,,15.7,0,1.4,57,
2023/10/23,,17.7,0,1.5,58,
2023/10/24,,18.7,0,1.4,59,
2023/10/25,,18.6,0,1.7,64,
2023/10/26,,18.5,0,1.4,65,
2023/10/27,,17.4,2.5,1.8,70,J
2023/10/28,,16.7,0,2.3,63,
2023/10/29,,16.1,0,2.4,56,
2023/10/30,,16.4,0,1.5,62,
2023/10/31,,17.7,0,1.8,56,
2023/11/1,,17.6,0,1.5,64,
2023/11/2,,18.9,0,1.2,65,
2023/11/3,,19.5,0,1.4,74,
2023/11/4,,20.3,0,1.1,70,
2023/11/5,,21.5,0,2.2,66,
2023/11/6,,22.1,11.5,1.8,74,J
2023/11/7,,19.4,26,3.7,56,
2023/11/8,,17.2,0,1.9,57,
2023/11/9,,18.6,0,1.6,68,
2023/11/10,,17.5,24.5,1.6,90,J
2023/11/11,,14,0,3.4,65,
2023/11/12,,12.5,0.5,2,69,J
2023/11/13,,9.6,0,2.6,64,
2023/11/14,,11.3,0,1.6,64,
2023/11/15,,12.2,0,1.4,69,
2023/11/16,,13.5,1.5,1.5,67,
2023/11/17,,13.3,26.5,2.6,74,J
2023/11/18,,9.6,2,4.2,55,J
2023/11/19,,12.8,0,2.5,56,
2023/11/20,,13.7,0,2.7,56,
2023/11/21,,11.5,0,1.1,64,
2023/11/22,,12.8,0,1.3,70,
2023/11/23,,14.2,0,1.4,75,
2023/11/24,,14.8,0,3.2,54,
2023/11/25,,9.8,0,2.7,58,
2023/11/26,,9.3,0,1.2,69,
2023/11/27,,10.4,0,1.3,75,
2023/11/28,,12.8,0,2.6,60,
2023/11/29,,11.1,0,2.1,52,
2023/11/30,,11,0,3.1,53,
2023/12/1,,8.6,0,2.8,54,
2023/12/2,,8.9,0,1.9,52,
2023/12/3,,9.1,0,1.9,60,
2023/12/4,,8.5,0,1.1,64,
2023/12/5,,8.9,0,2.9,69,
2023/12/6,,11.2,0.5,1.4,78,
2023/12/7,,11.7,0,2.3,61,
2023/12/8,,10.5,0,1.2,56,
2023/12/9,,13.4,0,1.5,66,
2023/12/10,,13.8,0,1.2,75,
2023/12/11,,14.3,4.5,2.6,70,J
2023/12/12,,14.2,7.5,2.8,81,J
2023/12/13,,11.3,0,2.7,59,
2023/12/14,,11.3,0.5,1.3,65,
2023/12/15,,14.9,4,1.9,87,J
2023/12/16,,15.5,2,3.9,72,J
2023/12/17,,5.9,0,4.5,43,
2023/12/18,,5.7,0,1.9,53,
2023/12/19,,6.7,0,1.6,68,J
2023/12/20,,8.1,0,2.6,61,
2023/12/21,,4.8,0,3.9,41,
2023/12/22,,3.1,0,4.6,46,
2023/12/23,,4.5,0,2.1,55,
2023/12/24,,5.7,0,1.4,61,
2023/12/25,,6.7,0,2,58,
2023/12/26,,6.6,0,1.9,60,
2023/12/27,,8.6,0,1.3,65,
2023/12/28,,8.4,0,1.5,67,
2023/12/29,,9.1,0,1.1,61,
2023/12/30,,9,0,1.5,61,
2023/12/31,,10.8,0.5,2.6,74,J
2024/1/1,,8.4,0,2.6,62,
2024/1/2,,6.7,0,1.5,68,
2024/1/3,,8.4,0.5,1.2,70,J
2024/1/4,,9.1,0,2.2,68,
2024/1/5,,7.9,0,1.6,68,
2024/1/6,,9.2,0.5,1.5,73,
2024/1/7,,7.5,0,3.4,44,
2024/1/8,,4.4,0,2.2,58,
2024/1/9,,5.8,0,1.6,65,
2024/1/10,,6.1,0,1.9,73,
2024/1/11,,7,0,1.9,60,
2024/1/12,,8.3,0,2,62,
2024/1/13,,7.4,0,3,52,
2024/1/14,,5.6,0,1.4,60,
2024/1/15,,6.5,0,2.5,66,J
2024/1/16,,5.1,0,2.6,54,
2024/1/17,,6.4,0,1.2,54,
2024/1/18,,8.3,5,1.4,81,J
2024/1/19,,9.6,0,2.6,73,
2024/1/20,,9.1,5,3.5,82,
2024/1/21,,11.3,10,2.8,78,J
2024/1/22,,9.8,0,1.9,63,
2024/1/23,,5.1,0,4.2,43,
2024/1/24,,2.4,0,4.2,46,
2024/1/25,,3.3,0,2,61,
2024/1/26,,5.3,0,2.3,57,
2024/1/27,,6.6,0,1.8,59,
2024/1/28,,6,0,1.5,69,
2024/1/29,,6.6,0,1.3,64,
2024/1/30,,7.3,0,1.2,61,
2024/1/31,,8.6,2.5,2.5,74,
2024/2/1,,8.7,3,2.9,77,
2024/2/2,,5.3,0,2.6,55,
2024/2/3,,6.6,1,2.2,55,
2024/2/4,,6.6,2.5,2.3,69,
2024/2/5,,5.3,13.5,2.8,77,J
2024/2/6,,7.1,0,2.3,62,
2024/2/7,,6,0,1.8,67,
2024/2/8,,6.1,0,1.9,61,
2024/2/9,,7.3,0,1.4,53,
2024/2/10,,6.7,0,1.9,66,
2024/2/11,,6.7,0.5,2.3,61,
2024/2/12,,7.6,0,2,57,
2024/2/13,,9.3,0,1.7,66,
2024/2/14,,12.7,0,1.5,66,
2024/2/15,,14.7,9,2,76,J
2024/2/16,,7.5,1,3.6,59,
2024/2/17,,9.1,0,1.5,62,
2024/2/18,,14.4,0,1.7,70,
2024/2/19,,14.1,8.5,1.4,88,J
2024/2/20,,14.7,0,2.7,83,
2024/2/21,,10.4,10,3.1,86,J
2024/2/22,,8.2,10,3.3,77,J
2024/2/23,,5.9,5,1.9,77,J
2024/2/24,,7,0,2.9,56,
2024/2/25,,6.3,13,3.4,86,J
2024/2/26,,7.3,0,2.7,63,
2024/2/27,,6.4,0,3.4,52,
2024/2/28,,8.3,0,2.7,48,
2024/2/29,,7,15.5,3.2,72,J
2024/3/1,,9.1,2.5,3.2,64,
2024/3/2,,4.4,0,2.7,50,
2024/3/3,,6.3,0,2.5,55,
2024/3/4,,9.8,0,2.8,59,
2024/3/5,,6.8,23,3.7,84,J
2024/3/6,,8.2,2.5,3.5,73,J
2024/3/7,,7.8,0,2.3,51,
2024/3/8,,7.7,0,3.1,52,
2024/3/9,,5.1,0,3,55,
2024/3/10,,6,0,2.3,48,
2024/3/11,,8.2,0,1.7,55,
2024/3/12,,9,28,2.7,76,J
2024/3/13,,8.2,0,2.8,55,
2024/3/14,,9.2,0,1.9,60,
2024/3/15,,11.4,0,2.1,54,
2024/3/16,,13.5,0,1.4,50,
2024/3/17,,12.2,5.5,1.4,73,J
2024/3/18,,8.3,0,4.2,44,
2024/3/19,,8.3,0,2.2,51,
2024/3/20,,7.3,1.5,4.4,64,
2024/3/21,,4.4,0,2.4,62,
2024/3/22,,7.2,0,1.6,54,
2024/3/23,,7.7,23,2.3,89,J
2024/3/24,,10.6,1.5,3.5,87,J
2024/3/25,,12,18,2.3,93,J
2024/3/26,,10.5,27.5,3,84,J
2024/3/27,,10.9,0.5,3.1,48,
2024/3/28,,12.3,7,2.7,66,
2024/3/29,,16.5,14,3,67,
2024/3/30,,17.5,0,2.6,54,
2024/3/31,,18.7,0,2.1,63,
2024/4/1,,16.7,0.5,3.1,43,
2024/4/2,,15.3,0,2.1,49,
2024/4/3,,14.5,20.5,2.3,84,J
2024/4/4,,15.4,0.5,2.8,74,
2024/4/5,,14.7,0,2.6,54,
2024/4/6,,16.2,0,1.8,65,
2024/4/7,,18.6,0,1.5,65,
2024/4/8,,18.3,20,2.9,78,J
2024/4/9,,13.6,44.5,4,70,J
2024/4/10,,13.1,0,2.2,43,
2024/4/11,,16,0,2.1,56,
2024/4/12,,18.4,0,2.8,49,
2024/4/13,,18.3,0,2,50,
2024/4/14,,18.5,0,1.8,64,
2024/4/15,,18.7,0,1.9,67,
2024/4/16,,19.6,3.5,1.8,65,J
2024/4/17,,19.8,18.5,2.1,60,
2024/4/18,,17.5,0,3.4,47,
2024/4/19,,18.1,0,2.3,48,
2024/4/20,,19.9,0,1.5,47,
2024/4/21,,17,17,2.5,84,J
2024/4/22,,20,0,2.6,76,
2024/4/23,,18.4,14.5,2.8,86,J
2024/4/24,,18.9,3.5,3,78,J
2024/4/25,,18.9,0.5,1.9,67,
2024/4/26,,19.4,0,1.8,61,
2024/4/27,,19.4,0,1.3,74,
2024/4/28,,21,0,1.9,68,
2024/4/29,,20.8,2,1.8,76,J
2024/4/30,,19.6,5,2.4,87,J
2024/5/1,,15.1,7,3.5,78,J
2024/5/2,,16.9,0,2.1,52,
2024/5/3,,18.6,0,2.2,59,
2024/5/4,,20.2,0,1.9,64,
2024/5/5,,20.7,0,2.1,64,
2024/5/6,,20.8,5,2,64,J
2024/5/7,,19.5,14,2.8,78,J
2024/5/8,,16.7,0,3.4,60,
2024/5/9,,15,0,3.1,44,
2024/5/10,,16.9,0,2,49,
2024/5/11,,20.5,0,2.2,57,
2024/5/12,,21.2,6.5,1.9,66,J
2024/5/13,,15.7,38.5,2.6,83,J
2024/5/14,,18.2,0,2.1,60,
2024/5/15,,20.2,0,1.7,71,J
2024/5/16,,18.3,0,3.8,59,
2024/5/17,,20.1,0,2.5,47,
2024/5/18,,22.2,0,1.7,45,
2024/5/19,,18.1,13,1.7,74,J
2024/5/20,,19.9,2.5,2,70,
2024/5/21,,20.5,0,3.5,63,
2024/5/22,,19.9,0,2.6,66,
2024/5/23,,21.2,0,1.9,73,
2024/5/24,,22.3,0,2.5,68,
2024/5/25,,20.7,0,3.4,47,
2024/5/26,,21.6,0,2.6,60,
2024/5/27,,22.4,6,1.7,82,J
2024/5/28,,19.5,108.5,2.3,92,J
2024/5/29,,19.5,0,2.9,57,
2024/5/30,,20.5,1,2.3,62,
2024/5/31,,18.2,3.5,1.8,89,J
2024/6/1,,21.1,0,1.7,66,
2024/6/2,,21,1,2.4,70,
2024/6/3,,20.3,0,2.7,60,
2024/6/4,,20.2,0,3.1,60,
2024/6/5,,22,0,2.6,58,
2024/6/6,,21.5,0,2.3,65,
2024/6/7,,23.8,0,2.2,62,
2024/6/8,,23.6,0,2.2,62,
2024/6/9,,20.2,11,2.1,81,J
2024/6/10,,23.1,2,2.2,71,
2024/6/11,,24.2,0,2.1,69,
2024/6/12,,25,0,2.4,69,
2024/6/13,,26.5,0,2.3,63,
2024/6/14,,26.4,0,2.1,67,
2024/6/15,,25.5,1,2.5,68,
2024/6/16,,25.1,1,2.5,76,
2024/6/17,,24.7,5.5,2.1,66,
2024/6/18,,21.3,81.5,2.9,83,J
2024/6/19,,25.7,0,1.7,58,
2024/6/20,,25.2,0,1.8,64,
2024/6/21,,22.9,47,2.9,76,J
2024/6/22,,24.1,22,1.8,80,J
2024/6/23,,25.6,44,2.6,91,J
2024/6/24,,25.8,2.5,3,79,
2024/6/25,,26.1,0,2,77,
2024/6/26,,26,0,2.2,63,
2024/6/27,,24.5,1.5,1.5,67,
2024/6/28,,23.4,72,2.4,93,J
2024/6/29,,25.9,0,2.4,79,
2024/6/30,,27.5,5,3.6,79,J
2024/7/1,,26.1,46.5,3.4,89,J
2024/7/2,,26.3,6.5,2,84,J
2024/7/3,,28.3,0,1.9,78,
2024/7/4,,29.4,0,3.2,70,
2024/7/5,,30.7,0,3.2,62,
2024/7/6,,31.3,0,3.1,62,
2024/7/7,,30.7,0,3.1,65,
2024/7/8,,31,0,3.3,63,
2024/7/9,,30.1,0,2.7,67,
2024/7/10,,29.6,0,3.4,71,
2024/7/11,,25.6,13.5,2.6,85,
2024/7/12,,24.3,46,2.1,87,J
2024/7/13,,26.6,0,1.7,75,
2024/7/14,,26.6,1.5,1.7,86,
2024/7/15,,27.9,0.5,2.1,79,
2024/7/16,,27,50.5,2.3,79,J
2024/7/17,,29.4,0,2.4,69,
2024/7/18,,30.2,0,2.6,68,
2024/7/19,,31.1,0,2.7,68,
2024/7/20,,31,0,3.1,69,
2024/7/21,,31.1,0,2.5,69,
2024/7/22,,31.4,0,2.6,69,
2024/7/23,,31.4,0,2.7,64,
2024/7/24,,30.9,0,2.6,69,
2024/7/25,,30.7,0,2.6,69,
2024/7/26,,31.7,0,2.9,66,
2024/7/27,,31.5,0,2.9,68,
2024/7/28,,32.2,0,2.6,65,
2024/7/29,,31.9,0,3.1,61,
2024/7/30,,31.6,0,3.2,62,
2024/7/31,,31.3,0,3,60,
2024/8/1,,31.9,0,2.4,58,
2024/8/2,,32.2,0,2.3,61,
2024/8/3,,32,0,2.1,69,
2024/8/4,,31.7,0,1.8,69,
2024/8/5,,31,7.5,2.1,74,J
2024/8/6,,30.5,33,2.1,73,J
2024/8/7,,30.3,0,2.7,65,
2024/8/8,,30.7,0,2.5,57,
2024/8/9,,31.3,0,2.7,56,
2024/8/10,,30,0,3.4,61,
2024/8/11,,30,0,2.9,61,
2024/8/12,,30.5,0,2.6,61,
2024/8/13,,31.4,0,2.6,61,
2024/8/14,,31.8,0,2.3,60,
2024/8/15,,30.9,21,2.3,68,J
2024/8/16,,29.8,0,2.7,67,
2024/8/17,,29.9,0,3,65,
2024/8/18,,31,0,2.1,59,
2024/8/19,,28.7,4,1.8,76,J
2024/8/20,,27.7,22.5,1.8,84,J
2024/8/21,,30.9,0,1.7,71,
2024/8/22,,31.3,0,2,68,
2024/8/23,,31.7,0,2.6,63,
2024/8/24,,31.5,0,2.2,67,
2024/8/25,,30.3,24.5,2.2,72,J
2024/8/26,,30.6,0,2.4,66,
2024/8/27,,30.2,0.5,2.3,68,
2024/8/28,,28.9,1,3.7,70,J
2024/8/29,,26.6,10.5,4.3,82,J
2024/8/30,,30.2,3.5,3.2,70,
2024/8/31,,26.5,34.5,2.7,85,J
2024/9/1,,27,15,1.5,83,J
2024/9/2,,29.3,0,2,72,
2024/9/3,,27.9,0,2.9,67,
2023/9/3,É,30.2,0,2.3,68,
2023/9/4,É,29.6,0,2.3,73,
2023/9/5,É,29.2,0,2.9,76,
2023/9/6,É,25.7,49.5,2,88,J
2023/9/7,É,26.7,2.5,2.5,74,
2023/9/8,É,25.4,2.5,2.2,86,J
2023/9/9,É,27.5,0,2.5,75,
2023/9/10,É,27.1,1.5,1.9,81,J
2023/9/11,É,24.9,10,2.1,92,J
2023/9/12,É,25.8,5.5,1.6,86,J
2023/9/13,É,27.3,0,1.9,77,
2023/9/14,É,28,0,2.1,75,
2023/9/15,É,29.8,0,2.3,73,
2023/9/16,É,30.1,0,2.2,72,
2023/9/17,É,28.9,0,3.4,74,
2023/9/18,É,27.4,9.5,3.1,83,J
2023/9/19,É,28.2,3,2,77,J
2023/9/20,É,26.9,2.5,1.8,80,J
2023/9/21,É,26.9,11.5,2.9,85,
2023/9/22,É,26.8,0.5,2.2,75,
2023/9/23,É,25.6,0,4.2,60,
2023/9/24,É,24.8,0,2.7,55,
2023/9/25,É,24.9,0,2.3,62,
2023/9/26,É,26.1,0,2.1,61,
2023/9/27,É,27.4,0,2.1,66,
2023/9/28,É,27.9,0,2.6,68,
2023/9/29,É,26.6,0,3.4,59,
2023/9/30,É,26.3,0,2.6,70,
2023/10/1,É,23.2,19.5,2.8,80,J
2023/10/2,É,21.9,0,4,52,
2023/10/3,É,21.7,2.5,2.4,57,
2023/10/4,É,19.7,30,2.1,93,J
2023/10/5,É,19.1,0,3.6,75,
2023/10/6,É,18.3,0,4.6,56,
2023/10/7,É,19,0,4.3,50,
2023/10/8,É,17,11.5,2.1,76,J
2023/10/9,É,17.5,13.5,2.4,96,J
2023/10/10,É,20.3,1.5,4,77,
2023/10/11,É,20.1,0,3.1,55,
2023/10/12,É,19.4,0,2.9,60,
2023/10/13,É,19.1,0,2.6,55,
2023/10/14,É,18,6.5,1.7,74,J
2023/10/15,É,18.7,20,3.2,78,J
2023/10/16,É,18.6,0,2,70,
2023/10/17,É,19,0,3.4,62,
2023/10/18,É,18.4,0,1.9,55,
2023/10/19,É,19.8,0,1.6,66,
2023/10/20,É,19.6,4,2.4,75,J
2023/10/21,É,14.8,0,4.5,64,
2023/10/22,É,14.5,0,2.5,60,
2023/10/23,É,16.8,0,2.1,63,
2023/10/24,É,17.5,0,1.4,66,
2023/10/25,É,17.5,0,2.6,61,
2023/10/26,É,17.8,0,2.7,61,
2023/10/27,É,16.8,7.5,2,70,J
2023/10/28,É,16,0,4.1,72,
2023/10/29,É,16.3,0,4.8,54,
2023/10/30,É,15.8,0,1.9,60,
2023/10/31,É,16.6,0,1.7,65,
2023/11/1,É,17,0,1.9,64,
2023/11/2,É,18.1,0,2.1,68,
2023/11/3,É,18.8,0,1.4,73,
2023/11/4,É,18.7,0,1.4,73,
2023/11/5,É,20.2,0,1.8,70,
2023/11/6,É,22,13,5.3,79,J
2023/11/7,É,19.5,9,5.3,69,J
2023/11/8,É,16.8,0,2.4,60,
2023/11/9,É,17.9,0,1.4,72,
2023/11/10,É,16.8,21,1.6,98,J
2023/11/11,É,13.9,0,4.7,56,
2023/11/12,É,11.7,0.5,2.1,67,
2023/11/13,É,10.4,0,4.3,62,
2023/11/14,É,10.2,0,2.4,68,
2023/11/15,É,10.8,0,1.7,73,
2023/11/16,É,12.4,0,1.4,68,
2023/11/17,É,12.6,26.5,3.3,81,J
2023/11/18,É,8.4,0,3.7,67,
2023/11/19,É,10.7,0,2.6,67,
2023/11/20,É,11.1,0,4.1,64,
2023/11/21,É,10.9,0,1.8,66,
2023/11/22,É,13.1,0,1.5,75,
2023/11/23,É,13.5,0,1.3,76,
2023/11/24,É,12.3,0,3.9,71,
2023/11/25,É,9.2,0,3.9,61,
2023/11/26,É,9.9,0,2.2,61,
2023/11/27,É,11,0,1.2,76,
2023/11/28,É,11.6,0.5,3.7,74,J
2023/11/29,É,9.6,0,2.2,66,
2023/11/30,É,9,0,3.3,67,
2023/12/1,É,7.9,0,2.2,67,
2023/12/2,É,7.9,0,2.5,67,
2023/12/3,É,6.8,0,2.1,77,
2023/12/4,É,7.3,0,2.1,69,
2023/12/5,É,7.1,0,1.8,69,
2023/12/6,É,11.4,0,2.1,59,
2023/12/7,É,10.7,0,3.5,64,
2023/12/8,É,9.6,0,1.7,63,
2023/12/9,É,10.9,0,1.6,69,
2023/12/10,É,13.2,0,1.7,72,
2023/12/11,É,13.7,12,2,72,J
2023/12/12,É,13.9,23.5,3.9,84,J
2023/12/13,É,10.7,0,4,56,
2023/12/14,É,10.4,0,1.5,63,
2023/12/15,É,11,12.5,1.4,96,J
2023/12/16,É,14.1,0.5,2.4,86,J
2023/12/17,É,5.3,1,7,67,
2023/12/18,É,4.6,0,3.2,76,
2023/12/19,É,6.8,0,1.9,66,
2023/12/20,É,7.5,0,3.8,68,
2023/12/21,É,4.9,0,4.9,44,
2023/12/22,É,2.7,0,3.2,51,
2023/12/23,É,3.6,0,2.6,76,
2023/12/24,É,5.2,0,1.6,66,
2023/12/25,É,5.4,0,2.2,67,
2023/12/26,É,6.3,0,2.3,66,
2023/12/27,É,8.1,0,2.9,63,
2023/12/28,É,7.2,0,2,58,
2023/12/29,É,8.8,0,3,62,
2023/12/30,É,7.7,0,1.4,63,
2023/12/31,É,9,10.5,2.7,88,J
2024/1/1,É,8.4,0,3.7,57,
2024/1/2,É,8,0,2.1,60,
2024/1/3,É,7.6,1,1.4,74,J
2024/1/4,É,9.4,0,3.8,62,
2024/1/5,É,6.8,0,1.6,65,
2024/1/6,É,8,0,1.6,76,
2024/1/7,É,6.4,0,5.8,63,
2024/1/8,É,3.2,0,3.8,67,
2024/1/9,É,3.6,0,1.7,66,
2024/1/10,É,5.2,0,2.9,70,
2024/1/11,É,5.4,0,2.9,60,
2024/1/12,É,5.7,0,2.5,68,
2024/1/13,É,5.1,0,4.6,73,
2024/1/14,É,3.6,0,2,54,
2024/1/15,É,4.7,0.5,4.6,64,
2024/1/16,É,3.3,0,5.1,57,
2024/1/17,É,5.5,0,1.9,48,
2024/1/18,É,7.1,2.5,2.1,83,J
2024/1/19,É,9.5,0,3.2,76,
2024/1/20,É,7.7,10.5,1.7,93,J
2024/1/21,É,10.3,11.5,3.6,87,J
2024/1/22,É,9.6,0,2.2,71,
2024/1/23,É,5.6,0,5.6,55,
2024/1/24,É,0.1,0.5,4.2,82,J
2024/1/25,É,1.8,0,3.9,73,
2024/1/26,É,3.8,0,4.2,59,
2024/1/27,É,5.5,0,4,56,
2024/1/28,É,5.4,0,3.1,62,
2024/1/29,É,5.9,0,2.3,56,
2024/1/30,É,6.6,0,1.9,61,
2024/1/31,É,6.5,3,1.9,78,J
2024/2/1,É,9.1,1.5,4.6,72,
2024/2/2,É,4.3,0,4.5,51,
2024/2/3,É,6.2,0,2.7,50,
2024/2/4,É,8.2,0,3.4,60,
2024/2/5,É,5,24,3.4,81,J
2024/2/6,É,6,0,3.9,69,
2024/2/7,É,5.6,0,3,70,
2024/2/8,É,5.3,0,3.7,58,
2024/2/9,É,6.4,0,3,52,
2024/2/10,É,5.8,0,3.2,67,
2024/2/11,É,6.1,0,3,65,
2024/2/12,É,6.7,0,3.2,67,
2024/2/13,É,7.5,0,1.5,62,
2024/2/14,É,10.9,0,1.8,62,
2024/2/15,É,10.8,4,1.3,82,J
2024/2/16,É,9.2,0,5.6,52,
2024/2/17,É,10.1,0.5,2,62,J
2024/2/18,É,12.3,0.5,1.6,85,J
2024/2/19,É,14.9,47,4.2,97,J
2024/2/20,É,16.3,2,2.8,82,
2024/2/21,É,12.1,15,2,91,J
2024/2/22,É,9.1,7.5,3.6,79,J
2024/2/23,É,5.8,12.5,3.6,79,J
2024/2/24,É,6.8,0,2.3,55,
2024/2/25,É,6.4,6,2.7,91,J
2024/2/26,É,7.9,0,6.2,56,
2024/2/27,É,6.2,0,6.3,47,
2024/2/28,É,7.6,0,4.5,47,
2024/2/29,É,6.6,18,2.2,70,J
2024/3/1,É,8.8,4,5.9,70,
2024/3/2,É,3.9,0,5.1,56,
2024/3/3,É,5.1,0,2.5,62,
2024/3/4,É,7.4,0,3,63,
2024/3/5,É,5.9,21.5,2.4,80,J
2024/3/6,É,8.6,3.5,4.2,79,J
2024/3/7,É,8.1,0,3.7,50,
2024/3/8,É,7.4,0,4.9,58,
2024/3/9,É,4.3,0,5.3,64,
2024/3/10,É,4.9,0,4.1,58,
2024/3/11,É,7.3,0,2.1,54,
2024/3/12,É,7.7,45.5,3.7,85,J
2024/3/13,É,8.1,0,5.9,53,
2024/3/14,É,8.5,0,2.7,51,
2024/3/15,É,11.3,0,2.9,46,
2024/3/16,É,14.7,0,2.9,43,
2024/3/17,É,12.5,0,2.1,66,
2024/3/18,É,8.1,0,7.8,37,
2024/3/19,É,8.1,0,2.8,44,
2024/3/20,É,6.7,3,6.4,71,J
2024/3/21,É,4.4,0,4.8,54,
2024/3/22,É,6.3,0,3.3,50,
2024/3/23,É,5.7,23.5,2.4,90,J
2024/3/24,É,7.6,2,1.6,95,J
2024/3/25,É,11,10.5,1.5,99,J
2024/3/26,É,10.7,58.5,3.9,87,J
2024/3/27,É,10.9,0,4.1,51,
2024/3/28,É,11.1,22,3,78,J
2024/3/29,É,17.6,19.5,4.5,75,J
2024/3/30,É,16.8,0,2.3,56,
2024/3/31,É,18.9,0,2.1,54,
2024/4/1,É,15.7,0.5,5,45,
2024/4/2,É,14.9,0,2.2,42,
2024/4/3,É,13,42.5,1.7,87,J
2024/4/4,É,16,1.5,4.4,74,
2024/4/5,É,12.8,0.5,2.2,76,
2024/4/6,É,16.3,0,2.2,72,
2024/4/7,É,18.3,0,2.3,67,
2024/4/8,É,17.3,16.5,1.3,86,J
2024/4/9,É,14.9,53.5,5.7,71,J
2024/4/10,É,12.7,0,3.8,52,
2024/4/11,É,15.3,0,2.7,57,
2024/4/12,É,17.7,0,2.5,59,
2024/4/13,É,17.8,0,2.7,69,
2024/4/14,É,18.8,0,2.5,67,
2024/4/15,É,18.7,0,3.5,68,
2024/4/16,É,18,9,3.9,75,J
2024/4/17,É,19.7,2,3.4,63,
2024/4/18,É,17.9,0,2.9,57,
2024/4/19,É,18.1,0,5.6,44,
2024/4/20,É,20.5,0,2.4,40,
2024/4/21,É,18.1,20,2,76,J
2024/4/22,É,19.1,0,3,80,
2024/4/23,É,18.3,0.5,2.5,77,J
2024/4/24,É,16.2,15,2,97,J
2024/4/25,É,18.9,1,4.6,64,J
2024/4/26,É,19.3,0,2.1,69,
2024/4/27,É,19.1,0,1.5,78,
2024/4/28,É,21.4,0,2.6,66,
2024/4/29,É,20.2,0,2.9,77,
2024/4/30,É,19.7,4,2.7,83,J
2024/5/1,É,16.7,2,4.4,77,J
2024/5/2,É,16.7,0.5,3.2,61,
2024/5/3,É,19.1,0,2.2,60,
2024/5/4,É,20.5,0,2.8,58,
2024/5/5,É,20.4,0,3.2,63,
2024/5/6,É,19.7,2,4.1,76,J
2024/5/7,É,19.8,34,4.2,83,J
2024/5/8,É,17.7,0,5.7,57,
2024/5/9,É,15.1,0,5.3,50,
2024/5/10,É,17.4,0,2.4,52,
2024/5/11,É,19.1,0,3.5,65,
2024/5/12,É,19.6,5.5,4.2,75,J
2024/5/13,É,16,41.5,3.8,89,J
2024/5/14,É,18.3,0,2.9,64,
2024/5/15,É,19.8,0.5,2,73,
2024/5/16,É,18.9,7,3.7,73,J
2024/5/17,É,19.7,0,3,48,
2024/5/18,É,22.3,0,2.7,41,
2024/5/19,É,18.9,11.5,2,69,J
2024/5/20,É,20.7,18.5,3.3,67,J
2024/5/21,É,21.3,0,4.7,58,
2024/5/22,É,21,0,3.6,65,
2024/5/23,É,21.9,0,1.9,72,
2024/5/24,É,23.2,0,4.6,66,
2024/5/25,É,21.8,0,4.8,45,
2024/5/26,É,22,0,3.7,64,
2024/5/27,É,20.7,16,2.9,93,J
2024/5/28,É,21.6,47.5,5.3,94,J
2024/5/29,É,20,0,5.3,59,
2024/5/30,É,21.2,5,2.6,72,
2024/5/31,É,19,15,2.8,84,J
2024/6/1,É,21.4,0,3,62,
2024/6/2,É,20.3,11,2.6,75,J
2024/6/3,É,20.8,0,3.6,57,
2024/6/4,É,21.3,0,3.9,56,
2024/6/5,É,22.4,0,3.5,59,
2024/6/6,É,22.9,0,2.5,64,
2024/6/7,É,23.7,0,3.2,59,
2024/6/8,É,23.5,0,3,61,
2024/6/9,É,20.9,6,2.9,80,J
2024/6/10,É,22.7,4.5,2.8,74,
2024/6/11,É,25.1,0,2.8,67,
2024/6/12,É,25.5,0,3,66,
2024/6/13,É,25.4,0,2.6,70,
2024/6/14,É,26.5,0,2.8,66,
2024/6/15,É,24.8,3.5,2.9,69,
2024/6/16,É,24.5,7,2.3,79,J
2024/6/17,É,23.7,1,2.1,70,
2024/6/18,É,20.4,71.5,2.9,88,J
2024/6/19,É,24.6,0,2.9,63,
2024/6/20,É,23.8,0,2.1,71,
2024/6/21,É,22.9,19,2.6,77,J
2024/6/22,É,23.7,4,3.1,79,J
2024/6/23,É,21.9,30.5,1.8,98,J
2024/6/24,É,27.6,2,2.6,74,
2024/6/25,É,26.9,0,1.8,70,J
2024/6/26,É,25.9,0,3.9,55,
2024/6/27,É,25.6,0,2.1,57,
2024/6/28,É,22.1,63.5,1.8,97,J
2024/6/29,É,26.5,0.5,2.2,80,J
2024/6/30,É,25.3,5,3.2,91,J
2024/7/1,É,24.5,37.5,2.7,97,J
2024/7/2,É,25,8,1.8,91,J
2024/7/3,É,29.3,0,2.2,73,
2024/7/4,É,31.1,0,3.6,59,
2024/7/5,É,31.8,0,2.6,55,
2024/7/6,É,31.6,0,2.8,59,
2024/7/7,É,32.2,0,2.6,57,
2024/7/8,É,32.3,0,2.7,56,
2024/7/9,É,29.4,0,2.4,65,J
2024/7/10,É,27.9,4.5,2.5,80,J
2024/7/11,É,25.8,9.5,2.3,88,J
2024/7/12,É,24.6,29,2.5,88,J
2024/7/13,É,26.2,0,2.4,76,
2024/7/14,É,26,5,1.4,90,J
2024/7/15,É,26.8,7.5,2.2,86,J
2024/7/16,É,26.3,39.5,2.3,88,J
2024/7/17,É,26.6,11.5,1.7,85,J
2024/7/18,É,29.5,0,2.7,74,
2024/7/19,É,29.8,0,2.8,74,
2024/7/20,É,30.1,0,2.3,74,J
2024/7/21,É,31.5,0,2.4,66,
2024/7/22,É,32.3,0,2.7,60,
2024/7/23,É,32.4,0,2.5,59,
2024/7/24,É,29.6,0,2.4,70,
2024/7/25,É,29,2,2,74,J
2024/7/26,É,30.4,0,2,69,
2024/7/27,É,32.6,0,2.5,65,
2024/7/28,É,32.6,0,4.6,59,
2024/7/29,É,32.3,0,5.1,53,
2024/7/30,É,31.1,0,4.7,65,
2024/7/31,É,31.8,0,5,54,
2024/8/1,É,31,0,3.2,58,
2024/8/2,É,31.1,0,2.7,66,
2024/8/3,É,31.4,0,2.9,67,
2024/8/4,É,32,0,2.8,67,
2024/8/5,É,31.8,0,3,69,
2024/8/6,É,31.3,0,2.4,69,
2024/8/7,É,31.8,0,2.6,61,
2024/8/8,É,31.6,0,2.9,60,
2024/8/9,É,32.5,0,2.7,59,
2024/8/10,É,31.8,0,3.3,57,
2024/8/11,É,31.8,0,3.6,57,
2024/8/12,É,32,0,3,59,
2024/8/13,É,31.8,0,2.6,63,
2024/8/14,É,31.7,0,2.8,64,
2024/8/15,É,30.6,8,2.3,71,J
2024/8/16,É,31.3,0,4.7,67,
2024/8/17,É,32.2,0,4.3,62,
2024/8/18,É,31.5,0,3,64,
2024/8/19,É,30.8,0,1.9,68,J
2024/8/20,É,27.7,30.5,2.6,81,J
2024/8/21,É,30.9,0,3.1,68,
2024/8/22,É,30.7,0,3.1,73,
2024/8/23,É,30.2,11,3.5,78,J
2024/8/24,É,30.4,61.5,3.2,77,J
2024/8/25,É,27.8,12.5,2.1,84,J
2024/8/26,É,28.5,15.5,3.7,79,J
2024/8/27,É,26.9,19.5,3.1,86,J
2024/8/28,É,26.9,1,1.8,78,J
2024/8/29,É,24.3,75.5,2.2,93,J
2024/8/30,É,27.4,7,3.6,88,J
2024/8/31,É,25.3,40,3.4,93,J
2024/9/1,É,26.4,8.5,2.8,87,J
2024/9/2,É,28.9,32,2.7,82,J
2024/9/3,É,27.7,0,2.6,73,
2023/9/3,Dy,24,0,1.8,70,
2023/9/4,Dy,24.1,0.5,2.5,77,J
2023/9/5,Dy,25,15.5,2.8,85,
2023/9/6,Dy,23.8,11.5,3.7,83,J
2023/9/7,Dy,21.5,0,5.5,62,
2023/9/8,Dy,21,0,4.1,72,
2023/9/9,Dy,23.4,0,3.8,79,
2023/9/10,Dy,24.9,0,2.4,73,
2023/9/11,Dy,24.2,0,4.9,83,
2023/9/12,Dy,24.1,26,3.5,89,J
2023/9/13,Dy,24.1,0.5,3.1,79,
2023/9/14,Dy,20.6,23.5,2,88,J
2023/9/15,Dy,21.4,0,3.2,64,
2023/9/16,Dy,21.7,0,2.5,70,
2023/9/17,Dy,22.5,10,3.4,77,J
2023/9/18,Dy,23.9,35.5,2.3,90,J
2023/9/19,Dy,22.4,3,2.9,81,J
2023/9/20,Dy,19.9,0,3.7,61,
2023/9/21,Dy,16.5,0,2.1,71,J
2023/9/22,Dy,18.4,0,1.7,66,
2023/9/23,Dy,16.9,4,2,70,J
2023/9/24,Dy,16.8,0,1.6,62,
2023/9/25,Dy,17.9,0,3.1,75,
2023/9/26,Dy,19.8,1,3.8,80,J
2023/9/27,Dy,20.1,0,1.6,80,
2023/9/28,Dy,18.6,3,3.2,87,J
2023/9/29,Dy,18.5,0,3,72,
2023/9/30,Dy,18.3,6,3.4,75,
2023/10/1,Dy,19.5,2.5,3.2,70,J
2023/10/2,Dy,16.2,1,2.4,64,J
2023/10/3,Dy,16.2,1,4.1,66,J
2023/10/4,Dy,16.5,0,3,70,
2023/10/5,Dy,15.1,23,3.6,81,J
2023/10/6,Dy,14.6,11,5,74,J
2023/10/7,Dy,13.8,2,4.1,72,
2023/10/8,Dy,12.8,0,1.6,69,
2023/10/9,Dy,13.8,0,3.8,74,
2023/10/10,Dy,15.3,0,3.2,72,
2023/10/11,Dy,13,0,2.5,65,
2023/10/12,Dy,14.4,0,2.4,64,
2023/10/13,Dy,15.7,0,1.9,66,
2023/10/14,Dy,15.3,0,1.2,71,
2023/10/15,Dy,15.6,0,2.6,63,
2023/10/16,Dy,12.8,0,3.2,65,
2023/10/17,Dy,9.4,5.5,3.3,67,J
2023/10/18,Dy,14.7,0,2.6,60,
2023/10/19,Dy,15.1,3,3.2,79,J
2023/10/20,Dy,10.2,32,3,87,J
2023/10/21,Dy,7.5,4,3.6,66,J
2023/10/22,Dy,7.6,3.5,2.8,71,J
2023/10/23,Dy,10,0,3.1,63,
2023/10/24,Dy,11.5,0,2.8,73,
2023/10/25,Dy,14.4,0,2.6,78,
2023/10/26,Dy,13,0,1.1,82,
2023/10/27,Dy,13.6,0,2.4,82,
2023/10/28,Dy,12.3,0,3.1,73,
2023/10/29,Dy,11.8,0,2.6,72,
2023/10/30,Dy,10.2,0,1.2,80,
2023/10/31,Dy,11.3,0,1.6,74,
2023/11/1,Dy,13.3,15.5,3.2,84,J
2023/11/2,Dy,11.3,2,4.1,69,J
2023/11/3,Dy,14.4,1,5.6,79,J
2023/11/4,Dy,8.2,0,4,65,
2023/11/5,Dy,7.7,0,1.6,61,
2023/11/6,Dy,14.2,5,6.3,82,J
2023/11/7,Dy,13.2,8,2.7,83,J
2023/11/8,Dy,8.3,5.5,3.2,79,J
2023/11/9,Dy,10.6,0,4.6,73,
2023/11/10,Dy,11.2,7.5,5,78,J
2023/11/11,Dy,2.5,1,5.2,58,J
2023/11/12,Dy,2.2,0,1.9,67,
2023/11/13,Dy,3.3,0,2,61,
2023/11/14,Dy,3.4,4,3.5,73,J
2023/11/15,Dy,4.7,0,1.8,64,
2023/11/16,Dy,6.6,0,3.4,69,
2023/11/17,Dy,10.5,47.5,5.3,86,J
2023/11/18,Dy,9.7,0,2.8,57,
2023/11/19,Dy,8.7,2,3.1,62,J
2023/11/20,Dy,5.4,5,4.5,65,J
2023/11/21,Dy,8.5,0,2.2,61,
2023/11/22,Dy,9.9,0,1.8,71,
2023/11/23,Dy,13,0.5,3.8,75,J
2023/11/24,Dy,3.5,14.5,4.8,70,J
2023/11/25,Dy,-3.1,0,5.7,57,
2023/11/26,Dy,-1.1,1,1.9,82,J
2023/11/27,Dy,2.1,0,1.5,78,
2023/11/28,Dy,5.5,4.5,3.9,79,J
2023/11/29,Dy,-2.1,2,2.2,74,J
2023/11/30,Dy,-4.3,0,2.7,65,
2023/12/1,Dy,-3.2,0,2.4,63,
2023/12/2,Dy,-0.9,0,2.4,66,
2023/12/3,Dy,2.5,0,2.1,66,
2023/12/4,Dy,2.9,0,2.5,65,
2023/12/5,Dy,5.6,0,2.4,77,
2023/12/6,Dy,5.2,0,2.3,82,
2023/12/7,Dy,7.7,3,6.1,79,J
2023/12/8,Dy,1.6,0.5,3.6,62,J
2023/12/9,Dy,7.7,4.5,3.8,83,J
2023/12/10,Dy,0.3,0,3.5,57,
2023/12/11,Dy,-1.9,0,2.5,64,
2023/12/12,Dy,-0.7,7,1.8,78,J
2023/12/13,Dy,-1.9,0.5,5.2,58,J
2023/12/14,Dy,-1.9,0,4.7,54,
2023/12/15,Dy,-1,0,2.7,63,
2023/12/16,Dy,-0.8,3.5,2.1,85,J
2023/12/17,Dy,-1.4,3,4.9,67,J
2023/12/18,Dy,-6.2,0,4.1,55,
2023/12/19,Dy,-5,0,2,66,
2023/12/20,Dy,-4.1,0,1.9,61,
2023/12/21,Dy,-3.6,0,3.1,61,
2023/12/22,Dy,-3.3,0,2.9,56,
2023/12/23,Dy,-5.7,0,4.2,49,
2023/12/24,Dy,-3.5,0,2.3,56,
2023/12/25,Dy,-2.2,0,2,63,
2023/12/26,Dy,-0.9,17.5,1.9,86,J
2023/12/27,Dy,-2.4,0.5,5.2,55,J
2023/12/28,Dy,-1.8,0.5,2.7,66,J
2023/12/29,Dy,-0.1,0,2.1,61,
2023/12/30,Dy,0.3,0,2.5,73,
2023/12/31,Dy,-1.9,6.5,1.9,87,J
2024/1/1,Dy,-6,0.5,2.5,64,
2024/1/2,Dy,-0.2,2.5,3.7,79,J
2024/1/3,Dy,-0.4,0.5,2.2,75,J
2024/1/4,Dy,-1.2,0,1.3,75,
2024/1/5,Dy,1.3,3,3.2,80,J
2024/1/6,Dy,0.6,0.5,2.5,73,
2024/1/7,Dy,-0.9,13,2.6,86,J
2024/1/8,Dy,-3.3,8,2.8,80,J
2024/1/9,Dy,-2.2,2,3,79,J
2024/1/10,Dy,-5.2,0,4,56,
2024/1/11,Dy,-2.9,0,3.9,70,
2024/1/12,Dy,0.1,8.5,4.2,80,J
2024/1/13,Dy,-3,12,2.2,81,J
2024/1/14,Dy,-1.9,8.5,2.9,83,J
2024/1/15,Dy,-5.3,10,6,73,J
2024/1/16,Dy,-5.7,24.5,3.6,82,J
2024/1/17,Dy,-1.2,0,1.5,81,
2024/1/18,Dy,-0.5,1.5,2.7,81,J
2024/1/19,Dy,-3.7,3,1.8,63,
2024/1/20,Dy,-6.2,5,1.3,76,J
2024/1/21,Dy,-6.6,5,1.9,78,J
2024/1/22,Dy,-1.7,2,5.1,85,J
2024/1/23,Dy,0.8,9,5.6,74,J
2024/1/24,Dy,-1.7,9.5,4.6,79,J
2024/1/25,Dy,-0.6,12,10.4,86,J
2024/1/26,Dy,0.7,7.5,7,89,J
2024/1/27,Dy,0.8,0.5,3.1,80,J
2024/1/28,Dy,1,1,2.4,80,J
2024/1/29,Dy,1,4,1.1,86,J
2024/1/30,Dy,-0.2,0,1.9,65,
2024/1/31,Dy,-1.6,0,2.3,74,
2024/2/1,Dy,-4.8,2.5,5.7,66,J
2024/2/2,Dy,-5.2,6,5.5,65,J
2024/2/3,Dy,-5.8,6,3,75,J
2024/2/4,Dy,-2.4,4,2.1,78,J
2024/2/5,Dy,-4.6,0.5,1.7,62,
2024/2/6,Dy,-5.4,0,1.4,60,
2024/2/7,Dy,-2.9,0,1.7,73,
2024/2/8,Dy,-1.6,0,2.5,67,J
2024/2/9,Dy,-1.6,1,3,66,J
2024/2/10,Dy,-1.3,0.5,1.7,73,
2024/2/11,Dy,-2.1,17.5,3.3,76,J
2024/2/12,Dy,0.1,0,2.9,58,
2024/2/13,Dy,5.4,0,3.2,64,
2024/2/14,Dy,5.2,0,2,71,
2024/2/15,Dy,1.2,2.5,3.9,79,J
2024/2/16,Dy,-2.5,10,5.5,78,J
2024/2/17,Dy,-1.4,0,2.7,66,
2024/2/18,Dy,2.7,0,4.4,73,
2024/2/19,Dy,7.6,1,4.7,81,
2024/2/20,Dy,-1,14.5,7,73,J
2024/2/21,Dy,-3.9,0,4.4,52,
2024/2/22,Dy,-4.7,19.5,4.2,79,J
2024/2/23,Dy,-5.7,12.5,2.4,84,J
2024/2/24,Dy,-4.9,5,1.6,83,J
2024/2/25,Dy,-3.3,1.5,1.5,67,
2024/2/26,Dy,-2.9,7.5,2,89,J
2024/2/27,Dy,-1.4,4,3.9,71,J
2024/2/28,Dy,-3.9,0,5.6,60,
2024/2/29,Dy,-3.2,1,2.2,76,J
2024/3/1,Dy,-0.4,2,4.6,77,J
2024/3/2,Dy,-6,10.5,3,75,J
2024/3/3,Dy,-3.4,0.5,2.2,65,
2024/3/4,Dy,-3.7,0,2.8,66,J
2024/3/5,Dy,-2,0,2.7,61,
2024/3/6,Dy,-2.4,0,2.5,69,
2024/3/7,Dy,-2.7,5,2.4,77,J
2024/3/8,Dy,-2.8,0,1.6,57,
2024/3/9,Dy,-2,1.5,2.8,69,J
2024/3/10,Dy,-1.7,13,2,78,J
2024/3/11,Dy,2.1,0,2.4,67,
2024/3/12,Dy,2.6,0,2.2,77,J
2024/3/13,Dy,-0.5,0.5,4.9,61,J
2024/3/14,Dy,0.9,0,2.2,73,
2024/3/15,Dy,1.8,8,2.3,82,J
2024/3/16,Dy,2.7,1,3.3,65,J
2024/3/17,Dy,2,4.5,3.6,80,J
2024/3/18,Dy,1.4,3.5,6.8,76,J
2024/3/19,Dy,-0.9,11,4.2,75,J
2024/3/20,Dy,-0.5,0,2.9,69,
2024/3/21,Dy,0,0,4.2,64,
2024/3/22,Dy,1.1,0,3,66,
2024/3/23,Dy,2.3,0,1.7,58,
2024/3/24,Dy,4.7,0,1.9,61,
2024/3/25,Dy,3.6,0,5,50,
2024/3/26,Dy,2.4,0,3.2,56,
2024/3/27,Dy,2.8,0,4.1,60,
2024/3/28,Dy,4,0,4,53,
2024/3/29,Dy,8.2,3,5.8,82,J
2024/3/30,Dy,6.9,1.5,3.1,62,J
2024/3/31,Dy,4.8,2,2.9,57,J
2024/4/1,Dy,4.9,0,3.4,54,
2024/4/2,Dy,4.6,0,3.8,54,
2024/4/3,Dy,5.7,0,2,56,
2024/4/4,Dy,6,0,3.1,66,
2024/4/5,Dy,7.4,0,3,46,
2024/4/6,Dy,9.5,0,3.9,47,
2024/4/7,Dy,12.1,0,4.8,67,
2024/4/8,Dy,13.5,0,4.8,63,
2024/4/9,Dy,4.4,0,8.2,61,
2024/4/10,Dy,7.8,0,2.7,36,
2024/4/11,Dy,10.1,0,3,41,
2024/4/12,Dy,12.3,0,4.2,58,
2024/4/13,Dy,14.2,0,3.2,59,
2024/4/14,Dy,13.9,0,2.1,67,
2024/4/15,Dy,16.3,0,2.4,51,
2024/4/16,Dy,15.9,0,6.2,67,
2024/4/17,Dy,15,12,3.7,81,J
2024/4/18,Dy,10.9,6.5,2.5,93,J
2024/4/19,Dy,8.4,1,6,85,J
2024/4/20,Dy,6.4,1,8,88,J
2024/4/21,Dy,7.3,0,6.2,85,
2024/4/22,Dy,7.8,0.5,5.5,80,J
2024/4/23,Dy,10.3,0,2.6,67,
2024/4/24,Dy,10.1,0.5,7.4,75,J
2024/4/25,Dy,11.3,11.5,4,92,J
2024/4/26,Dy,15.6,0,3.1,66,
2024/4/27,Dy,18.2,0,2.7,57,
2024/4/28,Dy,12,0,3.8,67,
2024/4/29,Dy,10.8,0,4,52,
2024/4/30,Dy,10.7,1.5,4.5,69,J
2024/5/1,Dy,9.8,0,4.9,61,
2024/5/2,Dy,14.1,0,2.3,38,
2024/5/3,Dy,14.4,0,5.3,37,
2024/5/4,Dy,13.5,0,2,49,
2024/5/5,Dy,16.2,0,5.8,60,
2024/5/6,Dy,15.5,3,4.4,81,J
2024/5/7,Dy,11.2,6,6.5,87,J
2024/5/8,Dy,6.1,0.5,6.2,74,J
2024/5/9,Dy,9.6,0.5,2.7,65,
2024/5/10,Dy,13.8,0,3,55,
2024/5/11,Dy,17.2,0,5.3,53,
2024/5/12,Dy,17.3,1.5,4.9,70,J
2024/5/13,Dy,13.3,3.5,2.2,86,J
2024/5/14,Dy,16.2,0,2.8,53,
2024/5/15,Dy,17.7,0,5,48,
2024/5/16,Dy,17.4,1.5,5.7,63,J
2024/5/17,Dy,15.6,2,3.8,71,J
2024/5/18,Dy,19.6,0,4,51,
2024/5/19,Dy,17.2,0,2.8,51,
2024/5/20,Dy,15.3,0.5,2.4,62,
2024/5/21,Dy,11.3,13.5,4.8,83,J
2024/5/22,Dy,16.1,0,4.4,50,
2024/5/23,Dy,17.3,0,2.9,61,
2024/5/24,Dy,12.1,5,5.9,84,J
2024/5/25,Dy,11,0.5,5,70,J
2024/5/26,Dy,15.5,0,2.1,61,
2024/5/27,Dy,15.9,1,5.8,78,J
2024/5/28,Dy,14,0,4.6,71,J
2024/5/29,Dy,10.6,0,5.2,79,
2024/5/30,Dy,12.4,0,2.7,79,J
2024/5/31,Dy,13.2,1,1.6,78,J
2024/6/1,Dy,15.7,0,2.6,68,
2024/6/2,Dy,15.4,0,5.2,59,
2024/6/3,Dy,15.5,0,3.4,62,
2024/6/4,Dy,15.1,4.5,2.3,77,J
2024/6/5,Dy,12.5,5.5,2.5,88,J
2024/6/6,Dy,12.9,0,1.8,82,
2024/6/7,Dy,17.6,0,2.7,71,
2024/6/8,Dy,20.9,0,4.9,66,
2024/6/9,Dy,18.4,2,7.2,81,J
2024/6/10,Dy,20.2,0.5,3.7,76,
2024/6/11,Dy,20.2,0,2.1,74,
2024/6/12,Dy,21.8,0,4,70,
2024/6/13,Dy,19.4,0,3,81,
2024/6/14,Dy,17,0,2.5,87,
2024/6/15,Dy,20.8,0,4.9,75,
2024/6/16,Dy,20.4,9,5.6,83,J
2024/6/17,Dy,22.6,0,3.5,58,
2024/6/18,Dy,21,0.5,3.5,73,
2024/6/19,Dy,19.1,0,3.5,71,
2024/6/20,Dy,19.3,0,2.7,70,
2024/6/21,Dy,21,0,2.3,73,
2024/6/22,Dy,18.7,0,2.2,88,J
2024/6/23,Dy,19.6,0,2.7,84,
2024/6/24,Dy,20.1,0.5,5,84,J
2024/6/25,Dy,17.4,0,4.2,84,
2024/6/26,Dy,15,0,4.3,78,
2024/6/27,Dy,19.1,2,2.2,73,J
2024/6/28,Dy,23.9,0,3.3,69,
2024/6/29,Dy,24.5,0,2.2,60,
2024/6/30,Dy,23.9,13.5,4,63,J
2024/7/1,Dy,18.2,0,6.2,83,
2024/7/2,Dy,19,0,2.7,67,
2024/7/3,Dy,21.8,0,1.7,62,
2024/7/4,Dy,22.4,0,2.4,71,
2024/7/5,Dy,23.6,3.5,3.7,76,J
2024/7/6,Dy,22.4,1.5,6,80,
2024/7/7,Dy,23,0.5,4,81,
2024/7/8,Dy,20.1,0,2.6,90,
2024/7/9,Dy,21.2,2,2,87,J
2024/7/10,Dy,22.5,0,2.1,74,
2024/7/11,Dy,21.6,0,2.1,79,
2024/7/12,Dy,22.4,0,2.8,75,
2024/7/13,Dy,20.8,0,3.8,78,
2024/7/14,Dy,22.9,0,2.1,67,
2024/7/15,Dy,24.1,0,1.9,69,
2024/7/16,Dy,24.8,0,3.7,72,
2024/7/17,Dy,26,0,3,67,
2024/7/18,Dy,26.2,0,2.7,72,
2024/7/19,Dy,24.1,0,5.8,84,J
2024/7/20,Dy,27,0,2.3,76,
2024/7/21,Dy,27.9,0,3.7,69,
2024/7/22,Dy,28.8,0,3.5,65,
2024/7/23,Dy,28.1,1,2.6,73,J
2024/7/24,Dy,23.4,5,5.2,85,J
2024/7/25,Dy,22.4,1,3.7,79,J
2024/7/26,Dy,23.9,0,2.3,77,
2024/7/27,Dy,22.9,1.5,2.8,83,
2024/7/28,Dy,23.1,76,4.4,86,J
2024/7/29,Dy,22.9,52,2.5,97,J
2024/7/30,Dy,23.7,0,5.7,83,J
2024/7/31,Dy,22.6,0,4.1,79,
2024/8/1,Dy,23.5,1,2.5,82,J
2024/8/2,Dy,26.1,0,4.3,76,
2024/8/3,Dy,25.7,5,4.9,80,J
2024/8/4,Dy,21.3,4.5,4.1,87,
2024/8/5,Dy,21.5,0,3.3,82,J
2024/8/6,Dy,23.2,0,1.4,82,
2024/8/7,Dy,25.9,0,2.6,82,
2024/8/8,Dy,26,0,2.2,82,J
2024/8/9,Dy,26.7,0,2,79,
2024/8/10,Dy,25.6,0,3.6,82,
2024/8/11,Dy,25.3,0,2.3,75,
2024/8/12,Dy,27.6,2,2.2,74,J
2024/8/13,Dy,26,17.5,4.6,93,J
2024/8/14,Dy,25.7,4.5,3.1,90,J
2024/8/15,Dy,24,0,4.6,86,
2024/8/16,Dy,25.3,0,1.8,80,
2024/8/17,Dy,24.3,0,2.9,82,
2024/8/18,Dy,23,0,3.9,79,
2024/8/19,Dy,23.8,4.5,2,78,J
2024/8/20,Dy,21.8,3,2.1,84,J
2024/8/21,Dy,23.2,0,2,76,
2024/8/22,Dy,22.9,5.5,4.7,81,J
2024/8/23,Dy,28,0,4.3,78,
2024/8/24,Dy,25.7,0,3.9,76,
2024/8/25,Dy,24.3,0,3.7,72,
2024/8/26,Dy,24.8,1.5,3.4,78,J
2024/8/27,Dy,22.3,34,2.4,93,J
2024/8/28,Dy,23.5,0,1.4,80,
2024/8/29,Dy,24.9,0,2.5,77,
2024/8/30,Dy,25.7,0,4.7,83,
2024/8/31,Dy,23.8,19.5,2.6,81,J
2024/9/1,Dy,23.8,0,2.1,64,
2024/9/2,Dy,22.7,0,1.6,73,
2024/9/3,Dy,23,0,2.8,61,
2023/9/3,ߔe,29.4,0,7.6,79,
2023/9/4,ߔe,28.9,0,4.9,78,
2023/9/5,ߔe,28.9,0,3.5,79,
2023/9/6,ߔe,29.2,0,4.1,80,
2023/9/7,ߔe,28.9,2,4.4,79,
2023/9/8,ߔe,28.4,0.5,3.4,77,J
2023/9/9,ߔe,27.7,0,2.3,74,
2023/9/10,ߔe,27.8,11.5,3.1,80,J
2023/9/11,ߔe,28.3,0.5,3.1,80,J
2023/9/12,ߔe,29.1,0,4,78,
2023/9/13,ߔe,28.9,5,4,85,J
2023/9/14,ߔe,29.4,0,3.3,80,
2023/9/15,ߔe,29.5,0,3.3,80,
2023/9/16,ߔe,28.2,7,2.5,89,J
2023/9/17,ߔe,27.4,52.5,3.3,90,J
2023/9/18,ߔe,28.4,0.5,2.9,84,
2023/9/19,ߔe,29.1,0,3.7,79,
2023/9/20,ߔe,28.9,0,2.5,82,
2023/9/21,ߔe,28.6,12,2.4,86,J
2023/9/22,ߔe,28.6,7.5,3.1,85,J
2023/9/23,ߔe,29.2,0,2.8,80,
2023/9/24,ߔe,28.5,8.5,2.4,84,J
2023/9/25,ߔe,29,0,3.8,79,
2023/9/26,ߔe,29,6,3.8,77,J
2023/9/27,ߔe,29.3,0,4.1,78,
2023/9/28,ߔe,28.4,15.5,3.8,88,J
2023/9/29,ߔe,28.2,10,4.2,90,J
2023/9/30,ߔe,28.1,45.5,2.8,90,J
2023/10/1,ߔe,28.4,23,4.4,85,J
2023/10/2,ߔe,28.5,11.5,5.9,81,
2023/10/3,ߔe,28.9,13,5.8,88,
2023/10/4,ߔe,29.4,0.5,5.4,86,J
2023/10/5,ߔe,28.6,9,3.6,84,J
2023/10/6,ߔe,27.4,0,4.6,76,
2023/10/7,ߔe,28.3,9,4.1,82,J
2023/10/8,ߔe,28.4,2,3,86,
2023/10/9,ߔe,28.2,0,3.9,79,
2023/10/10,ߔe,27.4,0,5.6,72,
2023/10/11,ߔe,26.7,0.5,5,67,
2023/10/12,ߔe,26.4,0,4.8,69,
2023/10/13,ߔe,25.9,0,5.1,65,
2023/10/14,ߔe,26.2,0,4.8,66,
2023/10/15,ߔe,25.9,0,5.1,63,
2023/10/16,ߔe,25.4,0,4.3,56,
2023/10/17,ߔe,25.1,0,4,57,
2023/10/18,ߔe,24.7,0,3,60,
2023/10/19,ߔe,24.8,0,2.1,66,
2023/10/20,ߔe,25.3,0,2.2,72,
2023/10/21,ߔe,23.4,8.5,6.8,66,
2023/10/22,ߔe,23.6,0,4.3,58,
2023/10/23,ߔe,25.3,0,4.3,68,
2023/10/24,ߔe,25.5,2.5,4.2,72,J
2023/10/25,ߔe,24.5,1.5,3,78,
2023/10/26,ߔe,24.8,0,3.4,67,
2023/10/27,ߔe,24.3,0,4.1,59,
2023/10/28,ߔe,23.4,0,3.3,63,
2023/10/29,ߔe,24,0,3.9,59,
2023/10/30,ߔe,24.2,0,3.6,62,
2023/10/31,ߔe,24.6,0,4.3,72,
2023/11/1,ߔe,24.9,0,4.5,73,
2023/11/2,ߔe,23.5,32.5,5.3,82,J
2023/11/3,ߔe,24.8,0,4.2,73,
2023/11/4,ߔe,25.5,0,4.1,74,
2023/11/5,ߔe,25.4,1.5,4.8,80,J
2023/11/6,ߔe,25.6,0.5,3,85,
2023/11/7,ߔe,23.9,0,6.6,69,
2023/11/8,ߔe,23.5,0,3.8,67,
2023/11/9,ߔe,25.3,0,3.8,84,
2023/11/10,ߔe,26,0,4.2,84,
2023/11/11,ߔe,23.5,0.5,4.5,83,J
2023/11/12,ߔe,20.7,16,5.5,87,J
2023/11/13,ߔe,20.7,0,6.6,62,
2023/11/14,ߔe,20.7,0,3.8,59,
2023/11/15,ߔe,21.5,0,4.1,63,
2023/11/16,ߔe,22.7,5,5,67,J
2023/11/17,ߔe,19.7,0.5,7.9,60,
2023/11/18,ߔe,19.3,0,6.8,54,
2023/11/19,ߔe,19.9,0,4.2,57,
2023/11/20,ߔe,20.4,0,4.3,59,
2023/11/21,ߔe,21.3,0,4,66,
2023/11/22,ߔe,22.7,0,3.5,70,
2023/11/23,ߔe,23.1,0,3.9,69,
2023/11/24,ߔe,22.1,0,7.8,64,
2023/11/25,ߔe,20.4,0,5.7,65,
2023/11/26,ߔe,22.4,0,3.4,75,
2023/11/27,ߔe,22.7,0,4,76,
2023/11/28,ߔe,21.4,0,5.1,60,
2023/11/29,ߔe,21,0,2.9,68,
2023/11/30,ߔe,22,0,4.4,69,
2023/12/1,ߔe,19.3,0,5.4,68,
2023/12/2,ߔe,19,0,4.3,64,
2023/12/3,ߔe,19.7,1,3.7,72,J
2023/12/4,ߔe,19.8,69,5.9,95,J
2023/12/5,ߔe,21.9,4.5,5.6,79,J
2023/12/6,ߔe,20.3,1.5,2.1,76,J
2023/12/7,ߔe,20.2,0.5,4.6,61,
2023/12/8,ߔe,19.9,0,3.5,66,
2023/12/9,ߔe,21.7,0,4,76,
2023/12/10,ߔe,23.2,0,4.1,76,
2023/12/11,ߔe,23.5,0,3.4,84,J
2023/12/12,ߔe,21.9,15,5.6,85,J
2023/12/13,ߔe,21.3,0,3.3,71,
2023/12/14,ߔe,21.9,0,2,80,
2023/12/15,ߔe,23.1,0,3.3,82,
2023/12/16,ߔe,19.9,1,7.4,85,J
2023/12/17,ߔe,15.9,0.5,7,71,J
2023/12/18,ߔe,18.6,0,5.1,72,
2023/12/19,ߔe,22.5,5.5,4.9,77,
2023/12/20,ߔe,17.8,30,6,91,J
2023/12/21,ߔe,15.4,2,8.4,65,J
2023/12/22,ߔe,14.4,1,7.5,63,J
2023/12/23,ߔe,14.9,8,4.9,77,J
2023/12/24,ߔe,16.7,7.5,4.6,89,J
2023/12/25,ߔe,16.7,0,6.6,62,
2023/12/26,ߔe,17.9,0,4.2,61,
2023/12/27,ߔe,19.9,0,4.7,71,
2023/12/28,ߔe,19.8,4.5,5.1,78,J
2023/12/29,ߔe,19.8,15,5.1,92,J
2023/12/30,ߔe,22.4,16.5,6.5,92,J
2023/12/31,ߔe,20.6,0,5.5,74,
2024/1/1,ߔe,18.3,0,4.1,59,
2024/1/2,ߔe,17.9,0,2.8,60,
2024/1/3,ߔe,17.8,5,5.1,72,J
2024/1/4,ߔe,17.4,0,5.3,54,
2024/1/5,ߔe,18.1,0,3.6,60,
2024/1/6,ߔe,18.2,0.5,3.1,75,J
2024/1/7,ߔe,18.2,0,5.4,60,
2024/1/8,ߔe,17.1,0,2.6,61,
2024/1/9,ߔe,17.5,3.5,1.9,87,J
2024/1/10,ߔe,18.3,1,7.8,67,
2024/1/11,ߔe,16.1,0,6,52,
2024/1/12,ߔe,16,0,2.3,60,
2024/1/13,ߔe,16.5,0,2.7,63,
2024/1/14,ߔe,17.7,0,2.7,62,
2024/1/15,ߔe,17.7,0,4.9,68,
2024/1/16,ߔe,17.7,0,4.4,54,
2024/1/17,ߔe,20.4,0,5.6,60,
2024/1/18,ߔe,21.8,0,5.6,67,
2024/1/19,ߔe,22.6,0,3.9,73,
2024/1/20,ߔe,22.7,0,3.4,79,J
2024/1/21,ߔe,19.7,27,6.3,81,J
2024/1/22,ߔe,17.7,0,8.1,73,
2024/1/23,ߔe,13.2,6,8.4,75,J
2024/1/24,ߔe,13.3,0,7.6,60,
2024/1/25,ߔe,15.2,0,5.4,63,
2024/1/26,ߔe,16.1,0,5,62,
2024/1/27,ߔe,16.2,0,2.4,69,
2024/1/28,ߔe,16.2,0,5.6,66,
2024/1/29,ߔe,16.3,0,3.6,58,
2024/1/30,ߔe,19.4,0,4.5,64,
2024/1/31,ߔe,22.1,0,4.5,74,
2024/2/1,ߔe,21.8,0,4,76,
2024/2/2,ߔe,21.8,0,2.5,80,
2024/2/3,ߔe,21.6,1,2.9,85,J
2024/2/4,ߔe,22,2,2.9,87,
2024/2/5,ߔe,19.3,6.5,7,80,J
2024/2/6,ߔe,17.6,0,4.2,63,
2024/2/7,ߔe,17.5,6.5,2.5,79,J
2024/2/8,ߔe,16.7,4,5.2,82,J
2024/2/9,ߔe,15.8,4.5,4.8,76,J
2024/2/10,ߔe,16,0,5.6,55,
2024/2/11,ߔe,16.3,0,5.2,45,
2024/2/12,ߔe,17.1,0,3.6,48,
2024/2/13,ߔe,19.9,0,5.1,53,
2024/2/14,ߔe,21.3,0,6.9,73,
2024/2/15,ߔe,22.1,2.5,3.3,79,J
2024/2/16,ߔe,19.4,0,4.8,77,
2024/2/17,ߔe,19.3,0,2.1,68,
2024/2/18,ߔe,21.1,0,4.5,75,
2024/2/19,ߔe,23,0,5.7,85,
2024/2/20,ߔe,23.1,0,5.2,86,
2024/2/21,ߔe,23,0,5.4,82,
2024/2/22,ߔe,23,0,4.3,84,
2024/2/23,ߔe,20.6,0,4.8,83,
2024/2/24,ߔe,20.2,0,4.8,75,
2024/2/25,ߔe,16.8,0,7.6,78,
2024/2/26,ߔe,17.8,0,5,72,
2024/2/27,ߔe,18,0,4,75,
2024/2/28,ߔe,20.4,0,6.6,76,
2024/2/29,ߔe,22,22,6.3,90,J
2024/3/1,ߔe,17.6,23,6.5,89,J
2024/3/2,ߔe,14.4,6,5.5,75,J
2024/3/3,ߔe,16,0,3.8,74,
2024/3/4,ߔe,20.6,29,5.4,88,J
2024/3/5,ߔe,23.4,2.5,8,96,
2024/3/6,ߔe,21.2,10.5,6.3,82,J
2024/3/7,ߔe,17.9,0.5,3.5,75,J
2024/3/8,ߔe,16.5,3.5,6.5,57,
2024/3/9,ߔe,16.4,0,4.7,52,J
2024/3/10,ߔe,17,0,3.7,54,
2024/3/11,ߔe,19.2,2,5.8,66,J
2024/3/12,ߔe,19,32.5,8.1,62,J
2024/3/13,ߔe,17.2,0,5.1,49,
2024/3/14,ߔe,18.4,0,2.2,56,
2024/3/15,ߔe,19.6,0,3.3,65,
2024/3/16,ߔe,20.7,0,4.6,67,
2024/3/17,ߔe,21.6,0,5.7,76,
2024/3/18,ߔe,20,0,4.8,67,
2024/3/19,ߔe,19,2,4.8,77,J
2024/3/20,ߔe,16.7,0,8.2,47,
2024/3/21,ߔe,16.3,0,3.8,49,
2024/3/22,ߔe,18.8,0,4.4,60,
2024/3/23,ߔe,22.1,0,6.5,75,
2024/3/24,ߔe,23.4,0,6.2,83,
2024/3/25,ߔe,23.8,0,6.5,85,
2024/3/26,ߔe,20.8,1,6.9,83,J
2024/3/27,ߔe,19.7,0,3.8,62,
2024/3/28,ߔe,21.3,0,4.8,73,J
2024/3/29,ߔe,21.9,26.5,3.6,86,J
2024/3/30,ߔe,21.6,0,2.2,84,J
2024/3/31,ߔe,22,55,4.9,93,
2024/4/1,ߔe,22.7,0,5.4,78,
2024/4/2,ߔe,23.8,1,6.6,89,J
2024/4/3,ߔe,24.9,0,7.7,89,
2024/4/4,ߔe,25,0,6,90,
2024/4/5,ߔe,24,2,4.4,88,J
2024/4/6,ߔe,22.4,32.5,2.3,92,J
2024/4/7,ߔe,22.3,14.5,2.2,94,J
2024/4/8,ߔe,22.2,70,3.9,96,J
2024/4/9,ߔe,21.7,0.5,5.9,76,J
2024/4/10,ߔe,21.9,0,6.2,66,
2024/4/11,ߔe,22.4,0,3.9,74,
2024/4/12,ߔe,22.2,6.5,3.2,80,J
2024/4/13,ߔe,23.9,5.5,3.2,88,J
2024/4/14,ߔe,24.6,0,5.2,89,J
2024/4/15,ߔe,23.1,165,3.9,95,J
2024/4/16,ߔe,23.9,0,2.1,89,
2024/4/17,ߔe,25.6,0,4,83,
2024/4/18,ߔe,23.6,1.5,6.2,76,J
2024/4/19,ߔe,22.4,0,3.6,64,
2024/4/20,ߔe,23.9,0,5.9,77,
2024/4/21,ߔe,26.3,0,6.3,86,
2024/4/22,ߔe,26.3,0,5.9,89,
2024/4/23,ߔe,26.2,9,6.9,92,J
2024/4/24,ߔe,22.6,47,4.1,87,J
2024/4/25,ߔe,22,5.5,3.2,89,J
2024/4/26,ߔe,24.4,55,3.8,93,J
2024/4/27,ߔe,26,17,3.3,83,J
2024/4/28,ߔe,26.3,3,3.6,88,J
2024/4/29,ߔe,25.1,35,5.3,90,J
2024/4/30,ߔe,26.4,0,4.5,87,
2024/5/1,ߔe,24.7,25.5,5.8,85,J
2024/5/2,ߔe,22.2,16,2.2,87,J
2024/5/3,ߔe,23.5,2.5,1.6,86,J
2024/5/4,ߔe,25,0,3.7,80,
2024/5/5,ߔe,25.7,0,5.2,80,
2024/5/6,ߔe,26.1,2,5.2,86,J
2024/5/7,ߔe,24.9,0,4.6,77,
2024/5/8,ߔe,23.9,0,4.3,65,
2024/5/9,ߔe,22.2,0,5.9,57,
2024/5/10,ߔe,23.1,0,4,62,
2024/5/11,ߔe,24.7,1.5,3.9,72,J
2024/5/12,ߔe,26.4,0,5.3,84,
2024/5/13,ߔe,23,67,4.3,90,J
2024/5/14,ߔe,22.3,27,2.9,78,J
2024/5/15,ߔe,23.3,1,4.5,77,
2024/5/16,ߔe,22.9,0,6.2,63,
2024/5/17,ߔe,23.3,0,5.6,65,
2024/5/18,ߔe,24.3,0,5.7,81,
2024/5/19,ߔe,25.3,0,5.2,78,
2024/5/20,ߔe,25.1,0.5,6.1,75,J
2024/5/21,ߔe,23.7,109.5,5.8,95,J
2024/5/22,ߔe,25.1,128.5,4.4,96,J
2024/5/23,ߔe,26.4,2,5.5,92,J
2024/5/24,ߔe,25.1,58,2.1,95,J
2024/5/25,ߔe,25.9,0.5,2.3,91,J
2024/5/26,ߔe,27.1,0,4.3,90,
2024/5/27,ߔe,27.6,1.5,6.5,87,J
2024/5/28,ߔe,25.6,23.5,7.5,93,J
2024/5/29,ߔe,24.4,0,4.6,80,
2024/5/30,ߔe,25.9,0,2.5,86,
2024/5/31,ߔe,26.9,8.5,3.8,92,J
2024/6/1,ߔe,24.9,24.5,2.5,96,J
2024/6/2,ߔe,21.6,47,3.6,92,J
2024/6/3,ߔe,21.8,42.5,5.4,82,J
2024/6/4,ߔe,24.5,0,4.8,68,
2024/6/5,ߔe,24.7,0,4.9,67,
2024/6/6,ߔe,23.2,2,2.6,74,J
2024/6/7,ߔe,24.3,2.5,3.5,83,J
2024/6/8,ߔe,26.2,1.5,4.9,90,J
2024/6/9,ߔe,25.7,12,3.1,94,J
2024/6/10,ߔe,25.1,12.5,2.8,90,J
2024/6/11,ߔe,25.2,134.5,4.4,96,J
2024/6/12,ߔe,26.1,112,5.7,96,J
2024/6/13,ߔe,26.3,52,4.5,94,J
2024/6/14,ߔe,25.7,189.5,5.3,96,J
2024/6/15,ߔe,27.3,24.5,8.1,94,
2024/6/16,ߔe,27.8,0,5.3,92,
2024/6/17,ߔe,27.8,0.5,6.6,91,J
2024/6/18,ߔe,25.6,106,4.5,96,J
2024/6/19,ߔe,27.7,0,3.9,91,
2024/6/20,ߔe,28.8,0,6.9,87,
2024/6/21,ߔe,29,0,6.7,88,
2024/6/22,ߔe,29.5,0,7.4,88,
2024/6/23,ߔe,29.3,0,7.6,88,
2024/6/24,ߔe,29.5,0,6.8,84,
2024/6/25,ߔe,29.6,0,5.1,82,
2024/6/26,ߔe,29.9,0,4.3,81,
2024/6/27,ߔe,29.7,0,4.5,76,
2024/6/28,ߔe,29.6,0,5,81,
2024/6/29,ߔe,30,0,4.9,79,
2024/6/30,ߔe,30,0,6.3,79,
2024/7/1,ߔe,30.2,0,5.9,80,
2024/7/2,ߔe,30.5,0,5.4,78,
2024/7/3,ߔe,30.8,0,3.6,76,
2024/7/4,ߔe,30.5,0,2.7,74,
2024/7/5,ߔe,30.8,0,3.4,75,
2024/7/6,ߔe,30.8,0,3.8,74,
2024/7/7,ߔe,30.6,2.5,3.4,77,J
2024/7/8,ߔe,31,0.5,3.6,72,J
2024/7/9,ߔe,30.1,4.5,4.3,78,J
2024/7/10,ߔe,30.6,0,5.8,79,J
2024/7/11,ߔe,30.6,0,6.2,79,
2024/7/12,ߔe,30.8,0,6.2,78,
2024/7/13,ߔe,31.2,0,5.1,75,
2024/7/14,ߔe,31.5,0,4.5,73,
2024/7/15,ߔe,31.4,0,4.3,71,
2024/7/16,ߔe,30.3,4.5,4.1,77,J
2024/7/17,ߔe,30.9,0,3.8,76,
2024/7/18,ߔe,31.1,0,3.6,75,
2024/7/19,ߔe,31.5,0,3.7,72,
2024/7/20,ߔe,31.5,0,4,71,
2024/7/21,ߔe,31.5,2,4.7,73,
2024/7/22,ߔe,30.8,4.5,6.6,76,J
2024/7/23,ߔe,29.5,23.5,7.1,80,J
2024/7/24,ߔe,29.2,11.5,10,82,J
2024/7/25,ߔe,28.3,15.5,8.6,87,J
2024/7/26,ߔe,28.1,26,8.5,87,J
2024/7/27,ߔe,29.9,0,6.8,80,
2024/7/28,ߔe,30.1,0.5,6,78,J
2024/7/29,ߔe,30.1,2.5,4.5,79,J
2024/7/30,ߔe,29.8,0,2.4,79,
2024/7/31,ߔe,30.3,0,3.3,78,
2024/8/1,ߔe,30.4,0,3.6,77,
2024/8/2,ߔe,30.5,0,3.8,76,
2024/8/3,ߔe,30.7,0,4,73,
2024/8/4,ߔe,30.9,0,4.4,75,
2024/8/5,ߔe,30.7,2,4.8,77,J
2024/8/6,ߔe,30.2,11,5.3,82,J
2024/8/7,ߔe,30.7,0,3.4,80,
2024/8/8,ߔe,30.7,0,3.1,77,
2024/8/9,ߔe,30.5,0,2.9,74,
2024/8/10,ߔe,30.1,43,2.7,76,J
2024/8/11,ߔe,30.4,0,2.4,76,
2024/8/12,ߔe,30.6,0,2.9,74,
2024/8/13,ߔe,30.5,0,3.3,73,
2024/8/14,ߔe,30.1,0,2.5,77,
2024/8/15,ߔe,30.2,0.5,2.3,76,J
2024/8/16,ߔe,30,1,2.3,76,J
2024/8/17,ߔe,29.8,3,2.5,79,J
2024/8/18,ߔe,30,2,4.2,79,J
2024/8/19,ߔe,29.2,8.5,9.3,80,J
2024/8/20,ߔe,30.2,1,5.4,78,J
2024/8/21,ߔe,30.2,0,3.7,79,
2024/8/22,ߔe,30.3,0,3.6,79,
2024/8/23,ߔe,29.9,0,2.9,80,
2024/8/24,ߔe,28.6,28,3.6,86,J
2024/8/25,ߔe,29.7,0,4,80,
2024/8/26,ߔe,29.5,9,3.6,81,J
2024/8/27,ߔe,30.3,0,6.6,79,
2024/8/28,ߔe,30.2,0,7.1,80,
2024/8/29,ߔe,29.9,0.5,5.8,82,J
2024/8/30,ߔe,30.3,0,4.5,82,
2024/8/31,ߔe,30,0.5,3.6,76,J
2024/9/1,ߔe,29.8,0,2.8,66,
2024/9/2,ߔe,30,0,2.3,61,
2024/9/3,ߔe,29.1,13,2.1,78,J
